subject,classname,img
p002,c0,img_44733.jpg
p002,c0,img_72999.jpg
p002,c0,img_25094.jpg
p002,c0,img_69092.jpg
p002,c0,img_92629.jpg
p002,c0,img_3370.jpg
p002,c0,img_67639.jpg
p002,c0,img_58560.jpg
p002,c0,img_35779.jpg
p002,c0,img_10012.jpg
p002,c0,img_70354.jpg
p002,c0,img_54617.jpg
p002,c0,img_26684.jpg
p002,c0,img_82409.jpg
p002,c0,img_5585.jpg
p002,c0,img_19029.jpg
p002,c0,img_40930.jpg
p002,c0,img_31547.jpg
p002,c0,img_87373.jpg
p002,c0,img_10627.jpg
p002,c0,img_66355.jpg
p002,c0,img_97714.jpg
p002,c0,img_37344.jpg
p002,c0,img_54848.jpg
p002,c0,img_59964.jpg
p002,c0,img_70675.jpg
p002,c0,img_43317.jpg
p002,c0,img_13585.jpg
p002,c0,img_63064.jpg
p002,c0,img_91058.jpg
p002,c0,img_79799.jpg
p002,c0,img_18198.jpg
p002,c0,img_55108.jpg
p002,c0,img_87789.jpg
p002,c0,img_11582.jpg
p002,c0,img_24152.jpg
p002,c0,img_28404.jpg
p002,c0,img_8868.jpg
p002,c0,img_14949.jpg
p002,c0,img_41276.jpg
p002,c0,img_70611.jpg
p002,c0,img_42895.jpg
p002,c0,img_87995.jpg
p002,c0,img_40990.jpg
p002,c0,img_68866.jpg
p002,c0,img_71265.jpg
p002,c0,img_90102.jpg
p002,c0,img_30954.jpg
p002,c0,img_3570.jpg
p002,c0,img_59000.jpg
p002,c0,img_48323.jpg
p002,c0,img_13073.jpg
p002,c0,img_80662.jpg
p002,c0,img_57625.jpg
p002,c0,img_39046.jpg
p002,c0,img_89021.jpg
p002,c0,img_30400.jpg
p002,c0,img_23447.jpg
p002,c0,img_92645.jpg
p002,c0,img_6563.jpg
p002,c0,img_98115.jpg
p002,c0,img_25670.jpg
p002,c0,img_17794.jpg
p002,c0,img_49392.jpg
p002,c0,img_16046.jpg
p002,c0,img_22191.jpg
p002,c0,img_90443.jpg
p002,c0,img_92014.jpg
p002,c0,img_20310.jpg
p002,c0,img_66379.jpg
p002,c0,img_15221.jpg
p002,c0,img_48187.jpg
p002,c0,img_72300.jpg
p002,c0,img_29321.jpg
p002,c0,img_99512.jpg
p002,c0,img_69672.jpg
p002,c1,img_16856.jpg
p002,c1,img_8410.jpg
p002,c1,img_15559.jpg
p002,c1,img_58564.jpg
p002,c1,img_4562.jpg
p002,c1,img_54810.jpg
p002,c1,img_96357.jpg
p002,c1,img_51439.jpg
p002,c1,img_92674.jpg
p002,c1,img_11478.jpg
p002,c1,img_51195.jpg
p002,c1,img_74250.jpg
p002,c1,img_31239.jpg
p002,c1,img_86126.jpg
p002,c1,img_69281.jpg
p002,c1,img_90114.jpg
p002,c1,img_51227.jpg
p002,c1,img_9231.jpg
p002,c1,img_98099.jpg
p002,c1,img_70150.jpg
p002,c1,img_16466.jpg
p002,c1,img_53097.jpg
p002,c1,img_58253.jpg
p002,c1,img_77658.jpg
p002,c1,img_54734.jpg
p002,c1,img_26722.jpg
p002,c1,img_13840.jpg
p002,c1,img_6329.jpg
p002,c1,img_99248.jpg
p002,c1,img_80450.jpg
p002,c1,img_13160.jpg
p002,c1,img_42960.jpg
p002,c1,img_76849.jpg
p002,c1,img_67955.jpg
p002,c1,img_62530.jpg
p002,c1,img_665.jpg
p002,c1,img_85979.jpg
p002,c1,img_14857.jpg
p002,c1,img_50388.jpg
p002,c1,img_20320.jpg
p002,c1,img_5877.jpg
p002,c1,img_85210.jpg
p002,c1,img_52037.jpg
p002,c1,img_25477.jpg
p002,c1,img_37212.jpg
p002,c1,img_49167.jpg
p002,c1,img_35243.jpg
p002,c1,img_98983.jpg
p002,c1,img_38431.jpg
p002,c1,img_1472.jpg
p002,c1,img_79050.jpg
p002,c1,img_1916.jpg
p002,c1,img_100777.jpg
p002,c1,img_59434.jpg
p002,c1,img_75887.jpg
p002,c1,img_11776.jpg
p002,c1,img_77268.jpg
p002,c1,img_77903.jpg
p002,c1,img_69182.jpg
p002,c1,img_7916.jpg
p002,c1,img_16652.jpg
p002,c1,img_51624.jpg
p002,c1,img_73068.jpg
p002,c1,img_6885.jpg
p002,c1,img_68602.jpg
p002,c1,img_96397.jpg
p002,c1,img_51572.jpg
p002,c1,img_24038.jpg
p002,c1,img_46068.jpg
p002,c1,img_7720.jpg
p002,c1,img_18240.jpg
p002,c1,img_24875.jpg
p002,c1,img_83470.jpg
p002,c1,img_58870.jpg
p002,c2,img_42941.jpg
p002,c2,img_22889.jpg
p002,c2,img_101258.jpg
p002,c2,img_95640.jpg
p002,c2,img_14459.jpg
p002,c2,img_59928.jpg
p002,c2,img_80107.jpg
p002,c2,img_8883.jpg
p002,c2,img_67174.jpg
p002,c2,img_51313.jpg
p002,c2,img_45764.jpg
p002,c2,img_51343.jpg
p002,c2,img_57904.jpg
p002,c2,img_54319.jpg
p002,c2,img_82005.jpg
p002,c2,img_70071.jpg
p002,c2,img_72291.jpg
p002,c2,img_16663.jpg
p002,c2,img_77747.jpg
p002,c2,img_21732.jpg
p002,c2,img_24238.jpg
p002,c2,img_101898.jpg
p002,c2,img_38985.jpg
p002,c2,img_65864.jpg
p002,c2,img_70091.jpg
p002,c2,img_61300.jpg
p002,c2,img_32500.jpg
p002,c2,img_6867.jpg
p002,c2,img_79978.jpg
p002,c2,img_39351.jpg
p002,c2,img_30591.jpg
p002,c2,img_19640.jpg
p002,c2,img_61758.jpg
p002,c2,img_22464.jpg
p002,c2,img_63601.jpg
p002,c2,img_8191.jpg
p002,c2,img_68885.jpg
p002,c2,img_88174.jpg
p002,c2,img_85734.jpg
p002,c2,img_51411.jpg
p002,c2,img_20410.jpg
p002,c2,img_64296.jpg
p002,c2,img_59437.jpg
p002,c2,img_41918.jpg
p002,c2,img_28494.jpg
p002,c2,img_94.jpg
p002,c2,img_94170.jpg
p002,c2,img_28106.jpg
p002,c2,img_93401.jpg
p002,c2,img_58738.jpg
p002,c2,img_99719.jpg
p002,c2,img_44299.jpg
p002,c2,img_92033.jpg
p002,c2,img_100246.jpg
p002,c2,img_1542.jpg
p002,c2,img_61806.jpg
p002,c2,img_96100.jpg
p002,c2,img_22091.jpg
p002,c2,img_17429.jpg
p002,c2,img_101016.jpg
p002,c2,img_86778.jpg
p002,c2,img_50870.jpg
p002,c2,img_5910.jpg
p002,c2,img_25921.jpg
p002,c2,img_91890.jpg
p002,c2,img_36675.jpg
p002,c2,img_47349.jpg
p002,c2,img_96291.jpg
p002,c2,img_88794.jpg
p002,c2,img_35449.jpg
p002,c2,img_10564.jpg
p002,c2,img_42547.jpg
p002,c2,img_25767.jpg
p002,c2,img_56031.jpg
p002,c2,img_91424.jpg
p002,c2,img_23781.jpg
p002,c2,img_37594.jpg
p002,c2,img_5410.jpg
p002,c2,img_9986.jpg
p002,c2,img_95044.jpg
p002,c2,img_89388.jpg
p002,c2,img_41336.jpg
p002,c2,img_56800.jpg
p002,c2,img_54278.jpg
p002,c2,img_14299.jpg
p002,c2,img_62871.jpg
p002,c3,img_46464.jpg
p002,c3,img_1565.jpg
p002,c3,img_44764.jpg
p002,c3,img_47604.jpg
p002,c3,img_11230.jpg
p002,c3,img_61154.jpg
p002,c3,img_87607.jpg
p002,c3,img_58175.jpg
p002,c3,img_79694.jpg
p002,c3,img_84679.jpg
p002,c3,img_1455.jpg
p002,c3,img_58188.jpg
p002,c3,img_66811.jpg
p002,c3,img_39145.jpg
p002,c3,img_39465.jpg
p002,c3,img_19344.jpg
p002,c3,img_11813.jpg
p002,c3,img_77562.jpg
p002,c3,img_61056.jpg
p002,c3,img_27011.jpg
p002,c3,img_47911.jpg
p002,c3,img_71347.jpg
p002,c3,img_57513.jpg
p002,c3,img_71381.jpg
p002,c3,img_54688.jpg
p002,c3,img_42080.jpg
p002,c3,img_90386.jpg
p002,c3,img_48755.jpg
p002,c3,img_58723.jpg
p002,c3,img_28543.jpg
p002,c3,img_70547.jpg
p002,c3,img_19687.jpg
p002,c3,img_22044.jpg
p002,c3,img_40095.jpg
p002,c3,img_58247.jpg
p002,c3,img_56654.jpg
p002,c3,img_70627.jpg
p002,c3,img_30528.jpg
p002,c3,img_12346.jpg
p002,c3,img_75003.jpg
p002,c3,img_65566.jpg
p002,c3,img_96114.jpg
p002,c3,img_84372.jpg
p002,c3,img_32021.jpg
p002,c3,img_24561.jpg
p002,c3,img_85272.jpg
p002,c3,img_11982.jpg
p002,c3,img_65251.jpg
p002,c3,img_14397.jpg
p002,c3,img_73739.jpg
p002,c3,img_88084.jpg
p002,c3,img_28975.jpg
p002,c3,img_38688.jpg
p002,c3,img_6859.jpg
p002,c3,img_37425.jpg
p002,c3,img_66907.jpg
p002,c3,img_57637.jpg
p002,c3,img_10034.jpg
p002,c3,img_28539.jpg
p002,c3,img_101134.jpg
p002,c3,img_91769.jpg
p002,c3,img_56798.jpg
p002,c3,img_101499.jpg
p002,c3,img_88211.jpg
p002,c3,img_35219.jpg
p002,c3,img_66615.jpg
p002,c3,img_45559.jpg
p002,c3,img_31492.jpg
p002,c3,img_74659.jpg
p002,c3,img_27315.jpg
p002,c3,img_30656.jpg
p002,c3,img_52775.jpg
p002,c3,img_22374.jpg
p002,c3,img_16521.jpg
p002,c3,img_73517.jpg
p002,c3,img_92857.jpg
p002,c3,img_15716.jpg
p002,c3,img_53391.jpg
p002,c3,img_69663.jpg
p002,c4,img_48852.jpg
p002,c4,img_47934.jpg
p002,c4,img_40600.jpg
p002,c4,img_51208.jpg
p002,c4,img_35055.jpg
p002,c4,img_2529.jpg
p002,c4,img_59318.jpg
p002,c4,img_93319.jpg
p002,c4,img_63575.jpg
p002,c4,img_95929.jpg
p002,c4,img_95113.jpg
p002,c4,img_10025.jpg
p002,c4,img_52461.jpg
p002,c4,img_8078.jpg
p002,c4,img_32899.jpg
p002,c4,img_98213.jpg
p002,c4,img_3734.jpg
p002,c4,img_91274.jpg
p002,c4,img_31450.jpg
p002,c4,img_85830.jpg
p002,c4,img_44628.jpg
p002,c4,img_101507.jpg
p002,c4,img_93900.jpg
p002,c4,img_90077.jpg
p002,c4,img_16550.jpg
p002,c4,img_32558.jpg
p002,c4,img_41637.jpg
p002,c4,img_82718.jpg
p002,c4,img_61942.jpg
p002,c4,img_79002.jpg
p002,c4,img_20597.jpg
p002,c4,img_96507.jpg
p002,c4,img_39728.jpg
p002,c4,img_101528.jpg
p002,c4,img_84187.jpg
p002,c4,img_43696.jpg
p002,c4,img_37441.jpg
p002,c4,img_50372.jpg
p002,c4,img_37643.jpg
p002,c4,img_858.jpg
p002,c4,img_75950.jpg
p002,c4,img_31005.jpg
p002,c4,img_55853.jpg
p002,c4,img_9121.jpg
p002,c4,img_62882.jpg
p002,c4,img_91285.jpg
p002,c4,img_91845.jpg
p002,c4,img_86479.jpg
p002,c4,img_50523.jpg
p002,c4,img_803.jpg
p002,c4,img_12715.jpg
p002,c4,img_10758.jpg
p002,c4,img_39224.jpg
p002,c4,img_26602.jpg
p002,c4,img_71882.jpg
p002,c4,img_25161.jpg
p002,c4,img_45243.jpg
p002,c4,img_98239.jpg
p002,c4,img_3966.jpg
p002,c4,img_32719.jpg
p002,c4,img_74556.jpg
p002,c4,img_8580.jpg
p002,c4,img_42217.jpg
p002,c4,img_33292.jpg
p002,c4,img_23296.jpg
p002,c4,img_51887.jpg
p002,c4,img_31701.jpg
p002,c4,img_100343.jpg
p002,c4,img_35298.jpg
p002,c4,img_44510.jpg
p002,c4,img_47106.jpg
p002,c4,img_29730.jpg
p002,c4,img_15738.jpg
p002,c4,img_98641.jpg
p002,c4,img_37290.jpg
p002,c4,img_102083.jpg
p002,c4,img_21359.jpg
p002,c4,img_85224.jpg
p002,c4,img_39260.jpg
p002,c4,img_38813.jpg
p002,c4,img_17546.jpg
p002,c4,img_13903.jpg
p002,c4,img_99762.jpg
p002,c4,img_25635.jpg
p002,c5,img_78551.jpg
p002,c5,img_63872.jpg
p002,c5,img_796.jpg
p002,c5,img_44821.jpg
p002,c5,img_24457.jpg
p002,c5,img_96395.jpg
p002,c5,img_9083.jpg
p002,c5,img_94844.jpg
p002,c5,img_55318.jpg
p002,c5,img_11842.jpg
p002,c5,img_73215.jpg
p002,c5,img_33335.jpg
p002,c5,img_36634.jpg
p002,c5,img_98179.jpg
p002,c5,img_50932.jpg
p002,c5,img_78091.jpg
p002,c5,img_10406.jpg
p002,c5,img_91418.jpg
p002,c5,img_54541.jpg
p002,c5,img_34100.jpg
p002,c5,img_59763.jpg
p002,c5,img_88846.jpg
p002,c5,img_89203.jpg
p002,c5,img_9539.jpg
p002,c5,img_18411.jpg
p002,c5,img_10773.jpg
p002,c5,img_32490.jpg
p002,c5,img_29977.jpg
p002,c5,img_2693.jpg
p002,c5,img_94498.jpg
p002,c5,img_26330.jpg
p002,c5,img_78019.jpg
p002,c5,img_89186.jpg
p002,c5,img_41807.jpg
p002,c5,img_14921.jpg
p002,c5,img_94608.jpg
p002,c5,img_52640.jpg
p002,c5,img_56346.jpg
p002,c5,img_94140.jpg
p002,c5,img_37573.jpg
p002,c5,img_89040.jpg
p002,c5,img_90275.jpg
p002,c5,img_43152.jpg
p002,c5,img_89476.jpg
p002,c5,img_66632.jpg
p002,c5,img_90939.jpg
p002,c5,img_39017.jpg
p002,c5,img_40621.jpg
p002,c5,img_44114.jpg
p002,c5,img_39099.jpg
p002,c5,img_34295.jpg
p002,c5,img_64594.jpg
p002,c5,img_1388.jpg
p002,c5,img_72670.jpg
p002,c5,img_35979.jpg
p002,c5,img_1290.jpg
p002,c5,img_55881.jpg
p002,c5,img_19044.jpg
p002,c5,img_76754.jpg
p002,c5,img_27266.jpg
p002,c5,img_58642.jpg
p002,c5,img_61738.jpg
p002,c5,img_67243.jpg
p002,c5,img_35012.jpg
p002,c5,img_23120.jpg
p002,c5,img_92896.jpg
p002,c5,img_53423.jpg
p002,c5,img_88891.jpg
p002,c5,img_41187.jpg
p002,c5,img_49785.jpg
p002,c5,img_70392.jpg
p002,c5,img_43370.jpg
p002,c5,img_55047.jpg
p002,c5,img_40645.jpg
p002,c5,img_15127.jpg
p002,c5,img_87951.jpg
p002,c6,img_45361.jpg
p002,c6,img_43580.jpg
p002,c6,img_90192.jpg
p002,c6,img_82510.jpg
p002,c6,img_78546.jpg
p002,c6,img_98318.jpg
p002,c6,img_98248.jpg
p002,c6,img_508.jpg
p002,c6,img_48760.jpg
p002,c6,img_79636.jpg
p002,c6,img_28335.jpg
p002,c6,img_52748.jpg
p002,c6,img_50670.jpg
p002,c6,img_13137.jpg
p002,c6,img_73928.jpg
p002,c6,img_60260.jpg
p002,c6,img_70260.jpg
p002,c6,img_36569.jpg
p002,c6,img_40065.jpg
p002,c6,img_85839.jpg
p002,c6,img_42279.jpg
p002,c6,img_30672.jpg
p002,c6,img_1722.jpg
p002,c6,img_34206.jpg
p002,c6,img_99173.jpg
p002,c6,img_1790.jpg
p002,c6,img_20716.jpg
p002,c6,img_8356.jpg
p002,c6,img_42292.jpg
p002,c6,img_42155.jpg
p002,c6,img_42913.jpg
p002,c6,img_5116.jpg
p002,c6,img_14166.jpg
p002,c6,img_99458.jpg
p002,c6,img_80795.jpg
p002,c6,img_70363.jpg
p002,c6,img_87273.jpg
p002,c6,img_60458.jpg
p002,c6,img_74174.jpg
p002,c6,img_72593.jpg
p002,c6,img_25847.jpg
p002,c6,img_33700.jpg
p002,c6,img_78086.jpg
p002,c6,img_90618.jpg
p002,c6,img_98294.jpg
p002,c6,img_33628.jpg
p002,c6,img_26934.jpg
p002,c6,img_96817.jpg
p002,c6,img_101713.jpg
p002,c6,img_21528.jpg
p002,c6,img_39490.jpg
p002,c6,img_98782.jpg
p002,c6,img_51631.jpg
p002,c6,img_26953.jpg
p002,c6,img_88564.jpg
p002,c6,img_17195.jpg
p002,c6,img_66917.jpg
p002,c6,img_48385.jpg
p002,c6,img_72563.jpg
p002,c6,img_54690.jpg
p002,c6,img_73804.jpg
p002,c6,img_30426.jpg
p002,c6,img_95968.jpg
p002,c6,img_38476.jpg
p002,c6,img_78388.jpg
p002,c6,img_90321.jpg
p002,c6,img_56334.jpg
p002,c6,img_31822.jpg
p002,c6,img_17449.jpg
p002,c6,img_28208.jpg
p002,c6,img_35100.jpg
p002,c6,img_100116.jpg
p002,c6,img_50275.jpg
p002,c6,img_4175.jpg
p002,c6,img_29633.jpg
p002,c6,img_18516.jpg
p002,c6,img_7522.jpg
p002,c6,img_1207.jpg
p002,c6,img_79696.jpg
p002,c6,img_1098.jpg
p002,c6,img_64967.jpg
p002,c6,img_27334.jpg
p002,c6,img_90814.jpg
p002,c7,img_56899.jpg
p002,c7,img_94772.jpg
p002,c7,img_89403.jpg
p002,c7,img_60610.jpg
p002,c7,img_32594.jpg
p002,c7,img_48540.jpg
p002,c7,img_8442.jpg
p002,c7,img_96598.jpg
p002,c7,img_71703.jpg
p002,c7,img_22631.jpg
p002,c7,img_101505.jpg
p002,c7,img_100057.jpg
p002,c7,img_72681.jpg
p002,c7,img_19960.jpg
p002,c7,img_42302.jpg
p002,c7,img_43930.jpg
p002,c7,img_87435.jpg
p002,c7,img_8817.jpg
p002,c7,img_91196.jpg
p002,c7,img_46523.jpg
p002,c7,img_31543.jpg
p002,c7,img_7907.jpg
p002,c7,img_16411.jpg
p002,c7,img_60554.jpg
p002,c7,img_88801.jpg
p002,c7,img_48542.jpg
p002,c7,img_64217.jpg
p002,c7,img_75012.jpg
p002,c7,img_58958.jpg
p002,c7,img_4463.jpg
p002,c7,img_85610.jpg
p002,c7,img_73647.jpg
p002,c7,img_69823.jpg
p002,c7,img_12479.jpg
p002,c7,img_50487.jpg
p002,c7,img_43860.jpg
p002,c7,img_96272.jpg
p002,c7,img_93416.jpg
p002,c7,img_35562.jpg
p002,c7,img_101905.jpg
p002,c7,img_82195.jpg
p002,c7,img_39755.jpg
p002,c7,img_87942.jpg
p002,c7,img_23561.jpg
p002,c7,img_70846.jpg
p002,c7,img_1444.jpg
p002,c7,img_22226.jpg
p002,c7,img_65035.jpg
p002,c7,img_9352.jpg
p002,c7,img_89101.jpg
p002,c7,img_41810.jpg
p002,c7,img_4617.jpg
p002,c7,img_27403.jpg
p002,c7,img_46839.jpg
p002,c7,img_68781.jpg
p002,c7,img_8778.jpg
p002,c7,img_43046.jpg
p002,c7,img_40248.jpg
p002,c7,img_71872.jpg
p002,c7,img_89059.jpg
p002,c7,img_7776.jpg
p002,c7,img_89925.jpg
p002,c7,img_37529.jpg
p002,c7,img_1564.jpg
p002,c7,img_42214.jpg
p002,c7,img_42985.jpg
p002,c7,img_15426.jpg
p002,c7,img_87423.jpg
p002,c7,img_2620.jpg
p002,c7,img_19995.jpg
p002,c7,img_60360.jpg
p002,c7,img_96891.jpg
p002,c8,img_99437.jpg
p002,c8,img_100846.jpg
p002,c8,img_47986.jpg
p002,c8,img_99160.jpg
p002,c8,img_28231.jpg
p002,c8,img_95517.jpg
p002,c8,img_3967.jpg
p002,c8,img_57155.jpg
p002,c8,img_15918.jpg
p002,c8,img_6916.jpg
p002,c8,img_69584.jpg
p002,c8,img_70664.jpg
p002,c8,img_7186.jpg
p002,c8,img_3835.jpg
p002,c8,img_79203.jpg
p002,c8,img_52890.jpg
p002,c8,img_62126.jpg
p002,c8,img_91289.jpg
p002,c8,img_49457.jpg
p002,c8,img_77015.jpg
p002,c8,img_51189.jpg
p002,c8,img_711.jpg
p002,c8,img_52153.jpg
p002,c8,img_8860.jpg
p002,c8,img_68147.jpg
p002,c8,img_16283.jpg
p002,c8,img_46280.jpg
p002,c8,img_84138.jpg
p002,c8,img_3371.jpg
p002,c8,img_84449.jpg
p002,c8,img_83285.jpg
p002,c8,img_51493.jpg
p002,c8,img_25998.jpg
p002,c8,img_18091.jpg
p002,c8,img_28131.jpg
p002,c8,img_86743.jpg
p002,c8,img_50067.jpg
p002,c8,img_96126.jpg
p002,c8,img_33383.jpg
p002,c8,img_69692.jpg
p002,c8,img_12886.jpg
p002,c8,img_62551.jpg
p002,c8,img_19616.jpg
p002,c8,img_50461.jpg
p002,c9,img_9877.jpg
p002,c9,img_92289.jpg
p002,c9,img_6666.jpg
p002,c9,img_51172.jpg
p002,c9,img_86613.jpg
p002,c9,img_34195.jpg
p002,c9,img_13318.jpg
p002,c9,img_60364.jpg
p002,c9,img_6171.jpg
p002,c9,img_55213.jpg
p002,c9,img_37091.jpg
p002,c9,img_81316.jpg
p002,c9,img_50883.jpg
p002,c9,img_28988.jpg
p002,c9,img_59020.jpg
p002,c9,img_63625.jpg
p002,c9,img_9194.jpg
p002,c9,img_61361.jpg
p002,c9,img_20981.jpg
p002,c9,img_70124.jpg
p002,c9,img_58919.jpg
p002,c9,img_37205.jpg
p002,c9,img_50897.jpg
p002,c9,img_45690.jpg
p002,c9,img_993.jpg
p002,c9,img_77780.jpg
p002,c9,img_56129.jpg
p002,c9,img_40697.jpg
p002,c9,img_29490.jpg
p002,c9,img_88330.jpg
p002,c9,img_6045.jpg
p002,c9,img_28463.jpg
p002,c9,img_14413.jpg
p002,c9,img_85445.jpg
p002,c9,img_39644.jpg
p002,c9,img_67621.jpg
p002,c9,img_52112.jpg
p002,c9,img_46648.jpg
p002,c9,img_19205.jpg
p002,c9,img_45169.jpg
p002,c9,img_40093.jpg
p002,c9,img_61066.jpg
p002,c9,img_39097.jpg
p002,c9,img_42064.jpg
p002,c9,img_60621.jpg
p002,c9,img_31757.jpg
p002,c9,img_30987.jpg
p002,c9,img_86087.jpg
p002,c9,img_18997.jpg
p002,c9,img_3484.jpg
p002,c9,img_8564.jpg
p012,c0,img_10206.jpg
p012,c0,img_27079.jpg
p012,c0,img_50749.jpg
p012,c0,img_97089.jpg
p012,c0,img_37741.jpg
p012,c0,img_65697.jpg
p012,c0,img_3866.jpg
p012,c0,img_19098.jpg
p012,c0,img_31885.jpg
p012,c0,img_41423.jpg
p012,c0,img_26907.jpg
p012,c0,img_71304.jpg
p012,c0,img_17470.jpg
p012,c0,img_88793.jpg
p012,c0,img_1367.jpg
p012,c0,img_29348.jpg
p012,c0,img_20878.jpg
p012,c0,img_6461.jpg
p012,c0,img_87811.jpg
p012,c0,img_47410.jpg
p012,c0,img_98046.jpg
p012,c0,img_57583.jpg
p012,c0,img_27214.jpg
p012,c0,img_973.jpg
p012,c0,img_9006.jpg
p012,c0,img_28357.jpg
p012,c0,img_56851.jpg
p012,c0,img_62066.jpg
p012,c0,img_40209.jpg
p012,c0,img_49423.jpg
p012,c0,img_71160.jpg
p012,c0,img_54924.jpg
p012,c0,img_1267.jpg
p012,c0,img_17723.jpg
p012,c0,img_88538.jpg
p012,c0,img_96522.jpg
p012,c0,img_31289.jpg
p012,c0,img_37288.jpg
p012,c0,img_67875.jpg
p012,c0,img_2813.jpg
p012,c0,img_59570.jpg
p012,c0,img_70406.jpg
p012,c0,img_20588.jpg
p012,c0,img_60168.jpg
p012,c0,img_50246.jpg
p012,c0,img_65097.jpg
p012,c0,img_24419.jpg
p012,c0,img_47332.jpg
p012,c0,img_89135.jpg
p012,c0,img_93208.jpg
p012,c0,img_67865.jpg
p012,c0,img_31623.jpg
p012,c0,img_36574.jpg
p012,c0,img_55312.jpg
p012,c0,img_35231.jpg
p012,c0,img_38321.jpg
p012,c0,img_75305.jpg
p012,c0,img_40038.jpg
p012,c0,img_5957.jpg
p012,c0,img_76418.jpg
p012,c0,img_31613.jpg
p012,c0,img_48334.jpg
p012,c0,img_53945.jpg
p012,c0,img_10225.jpg
p012,c0,img_78131.jpg
p012,c0,img_89892.jpg
p012,c0,img_87852.jpg
p012,c0,img_49775.jpg
p012,c0,img_10092.jpg
p012,c0,img_72668.jpg
p012,c0,img_63634.jpg
p012,c0,img_57096.jpg
p012,c0,img_7473.jpg
p012,c0,img_61373.jpg
p012,c0,img_40020.jpg
p012,c0,img_64638.jpg
p012,c0,img_10609.jpg
p012,c0,img_59778.jpg
p012,c0,img_26166.jpg
p012,c0,img_20350.jpg
p012,c0,img_80288.jpg
p012,c0,img_15571.jpg
p012,c0,img_75168.jpg
p012,c0,img_37234.jpg
p012,c1,img_45632.jpg
p012,c1,img_26825.jpg
p012,c1,img_94183.jpg
p012,c1,img_19014.jpg
p012,c1,img_64769.jpg
p012,c1,img_27582.jpg
p012,c1,img_65051.jpg
p012,c1,img_41920.jpg
p012,c1,img_95758.jpg
p012,c1,img_25397.jpg
p012,c1,img_15121.jpg
p012,c1,img_38031.jpg
p012,c1,img_74075.jpg
p012,c1,img_54160.jpg
p012,c1,img_71552.jpg
p012,c1,img_9820.jpg
p012,c1,img_47530.jpg
p012,c1,img_19074.jpg
p012,c1,img_62375.jpg
p012,c1,img_56505.jpg
p012,c1,img_99182.jpg
p012,c1,img_80820.jpg
p012,c1,img_85075.jpg
p012,c1,img_75902.jpg
p012,c1,img_86404.jpg
p012,c1,img_90710.jpg
p012,c1,img_95912.jpg
p012,c1,img_27426.jpg
p012,c1,img_78079.jpg
p012,c1,img_91407.jpg
p012,c1,img_70529.jpg
p012,c1,img_85694.jpg
p012,c1,img_18849.jpg
p012,c1,img_20954.jpg
p012,c1,img_59930.jpg
p012,c1,img_79147.jpg
p012,c1,img_37031.jpg
p012,c1,img_47618.jpg
p012,c1,img_60340.jpg
p012,c1,img_47685.jpg
p012,c1,img_8663.jpg
p012,c1,img_100451.jpg
p012,c1,img_10838.jpg
p012,c1,img_92008.jpg
p012,c1,img_92864.jpg
p012,c1,img_69030.jpg
p012,c1,img_55468.jpg
p012,c1,img_100375.jpg
p012,c1,img_20260.jpg
p012,c1,img_79864.jpg
p012,c1,img_34499.jpg
p012,c1,img_74587.jpg
p012,c1,img_73259.jpg
p012,c1,img_29859.jpg
p012,c1,img_30022.jpg
p012,c1,img_42487.jpg
p012,c1,img_32189.jpg
p012,c1,img_72597.jpg
p012,c1,img_69608.jpg
p012,c1,img_89815.jpg
p012,c1,img_69319.jpg
p012,c1,img_40608.jpg
p012,c1,img_46098.jpg
p012,c1,img_35833.jpg
p012,c1,img_74607.jpg
p012,c1,img_85362.jpg
p012,c1,img_27415.jpg
p012,c1,img_17460.jpg
p012,c1,img_32595.jpg
p012,c1,img_44601.jpg
p012,c1,img_49250.jpg
p012,c1,img_99822.jpg
p012,c1,img_17187.jpg
p012,c1,img_78552.jpg
p012,c1,img_32069.jpg
p012,c1,img_51275.jpg
p012,c1,img_64734.jpg
p012,c1,img_95048.jpg
p012,c1,img_100442.jpg
p012,c1,img_72445.jpg
p012,c1,img_50914.jpg
p012,c1,img_4137.jpg
p012,c1,img_89034.jpg
p012,c1,img_86167.jpg
p012,c1,img_84250.jpg
p012,c1,img_34316.jpg
p012,c1,img_58510.jpg
p012,c1,img_38422.jpg
p012,c1,img_52146.jpg
p012,c1,img_85132.jpg
p012,c1,img_69248.jpg
p012,c1,img_24650.jpg
p012,c1,img_30434.jpg
p012,c1,img_89298.jpg
p012,c1,img_18467.jpg
p012,c2,img_9873.jpg
p012,c2,img_36137.jpg
p012,c2,img_15758.jpg
p012,c2,img_73225.jpg
p012,c2,img_29564.jpg
p012,c2,img_95029.jpg
p012,c2,img_20837.jpg
p012,c2,img_68142.jpg
p012,c2,img_8535.jpg
p012,c2,img_61039.jpg
p012,c2,img_99218.jpg
p012,c2,img_13514.jpg
p012,c2,img_43342.jpg
p012,c2,img_36123.jpg
p012,c2,img_85485.jpg
p012,c2,img_45592.jpg
p012,c2,img_15802.jpg
p012,c2,img_92109.jpg
p012,c2,img_62608.jpg
p012,c2,img_26239.jpg
p012,c2,img_20118.jpg
p012,c2,img_63326.jpg
p012,c2,img_94769.jpg
p012,c2,img_27678.jpg
p012,c2,img_89956.jpg
p012,c2,img_1724.jpg
p012,c2,img_11414.jpg
p012,c2,img_85044.jpg
p012,c2,img_10972.jpg
p012,c2,img_65101.jpg
p012,c2,img_57207.jpg
p012,c2,img_9564.jpg
p012,c2,img_33882.jpg
p012,c2,img_17316.jpg
p012,c2,img_25703.jpg
p012,c2,img_40814.jpg
p012,c2,img_85646.jpg
p012,c2,img_29338.jpg
p012,c2,img_55166.jpg
p012,c2,img_49876.jpg
p012,c2,img_56934.jpg
p012,c2,img_10048.jpg
p012,c2,img_25499.jpg
p012,c2,img_101086.jpg
p012,c2,img_22592.jpg
p012,c2,img_1202.jpg
p012,c2,img_59970.jpg
p012,c2,img_92269.jpg
p012,c2,img_76903.jpg
p012,c2,img_45279.jpg
p012,c2,img_51435.jpg
p012,c2,img_16372.jpg
p012,c2,img_102081.jpg
p012,c2,img_41946.jpg
p012,c2,img_19848.jpg
p012,c2,img_39984.jpg
p012,c2,img_34841.jpg
p012,c2,img_4267.jpg
p012,c2,img_37855.jpg
p012,c2,img_33461.jpg
p012,c2,img_22878.jpg
p012,c2,img_100784.jpg
p012,c2,img_37738.jpg
p012,c2,img_98632.jpg
p012,c2,img_51693.jpg
p012,c2,img_48277.jpg
p012,c2,img_37467.jpg
p012,c2,img_48255.jpg
p012,c2,img_75209.jpg
p012,c2,img_72490.jpg
p012,c2,img_60905.jpg
p012,c2,img_59206.jpg
p012,c2,img_69025.jpg
p012,c2,img_56290.jpg
p012,c2,img_7061.jpg
p012,c2,img_3006.jpg
p012,c2,img_62328.jpg
p012,c2,img_59557.jpg
p012,c2,img_48473.jpg
p012,c2,img_56199.jpg
p012,c2,img_60040.jpg
p012,c2,img_42098.jpg
p012,c2,img_36377.jpg
p012,c2,img_85037.jpg
p012,c2,img_32819.jpg
p012,c2,img_46210.jpg
p012,c2,img_3547.jpg
p012,c2,img_16219.jpg
p012,c2,img_76419.jpg
p012,c2,img_53507.jpg
p012,c2,img_77848.jpg
p012,c3,img_19943.jpg
p012,c3,img_46050.jpg
p012,c3,img_68510.jpg
p012,c3,img_48454.jpg
p012,c3,img_28902.jpg
p012,c3,img_98718.jpg
p012,c3,img_22472.jpg
p012,c3,img_61846.jpg
p012,c3,img_59376.jpg
p012,c3,img_91390.jpg
p012,c3,img_79569.jpg
p012,c3,img_81984.jpg
p012,c3,img_58362.jpg
p012,c3,img_11248.jpg
p012,c3,img_92248.jpg
p012,c3,img_50828.jpg
p012,c3,img_2585.jpg
p012,c3,img_26331.jpg
p012,c3,img_27151.jpg
p012,c3,img_84465.jpg
p012,c3,img_43927.jpg
p012,c3,img_89631.jpg
p012,c3,img_32179.jpg
p012,c3,img_89633.jpg
p012,c3,img_14752.jpg
p012,c3,img_49375.jpg
p012,c3,img_82367.jpg
p012,c3,img_52996.jpg
p012,c3,img_22772.jpg
p012,c3,img_23156.jpg
p012,c3,img_73194.jpg
p012,c3,img_18670.jpg
p012,c3,img_37938.jpg
p012,c3,img_15885.jpg
p012,c3,img_64045.jpg
p012,c3,img_87133.jpg
p012,c3,img_40181.jpg
p012,c3,img_35790.jpg
p012,c3,img_3317.jpg
p012,c3,img_73623.jpg
p012,c3,img_71525.jpg
p012,c3,img_14358.jpg
p012,c3,img_56777.jpg
p012,c3,img_15926.jpg
p012,c3,img_17511.jpg
p012,c3,img_91027.jpg
p012,c3,img_54642.jpg
p012,c3,img_73016.jpg
p012,c3,img_3025.jpg
p012,c3,img_14879.jpg
p012,c3,img_36909.jpg
p012,c3,img_92088.jpg
p012,c3,img_86411.jpg
p012,c3,img_64380.jpg
p012,c3,img_96135.jpg
p012,c3,img_22859.jpg
p012,c3,img_26873.jpg
p012,c3,img_35106.jpg
p012,c3,img_63420.jpg
p012,c3,img_94722.jpg
p012,c3,img_34609.jpg
p012,c3,img_50087.jpg
p012,c3,img_65659.jpg
p012,c3,img_85705.jpg
p012,c3,img_61627.jpg
p012,c3,img_55383.jpg
p012,c3,img_592.jpg
p012,c3,img_83385.jpg
p012,c3,img_54289.jpg
p012,c3,img_18429.jpg
p012,c3,img_37793.jpg
p012,c3,img_14076.jpg
p012,c3,img_78092.jpg
p012,c3,img_92478.jpg
p012,c3,img_11340.jpg
p012,c3,img_42365.jpg
p012,c3,img_32676.jpg
p012,c3,img_12426.jpg
p012,c3,img_76472.jpg
p012,c3,img_34408.jpg
p012,c3,img_83979.jpg
p012,c3,img_4842.jpg
p012,c3,img_71031.jpg
p012,c3,img_21735.jpg
p012,c3,img_11920.jpg
p012,c3,img_34940.jpg
p012,c3,img_65648.jpg
p012,c3,img_88598.jpg
p012,c3,img_81580.jpg
p012,c4,img_92769.jpg
p012,c4,img_38427.jpg
p012,c4,img_22681.jpg
p012,c4,img_39685.jpg
p012,c4,img_66357.jpg
p012,c4,img_74182.jpg
p012,c4,img_61238.jpg
p012,c4,img_70257.jpg
p012,c4,img_56418.jpg
p012,c4,img_23458.jpg
p012,c4,img_79188.jpg
p012,c4,img_59054.jpg
p012,c4,img_97051.jpg
p012,c4,img_92019.jpg
p012,c4,img_2413.jpg
p012,c4,img_5031.jpg
p012,c4,img_71127.jpg
p012,c4,img_75683.jpg
p012,c4,img_49379.jpg
p012,c4,img_72542.jpg
p012,c4,img_67465.jpg
p012,c4,img_56362.jpg
p012,c4,img_16158.jpg
p012,c4,img_40438.jpg
p012,c4,img_85787.jpg
p012,c4,img_11607.jpg
p012,c4,img_62473.jpg
p012,c4,img_47839.jpg
p012,c4,img_84945.jpg
p012,c4,img_74399.jpg
p012,c4,img_41039.jpg
p012,c4,img_94181.jpg
p012,c4,img_92155.jpg
p012,c4,img_7495.jpg
p012,c4,img_11090.jpg
p012,c4,img_51506.jpg
p012,c4,img_14493.jpg
p012,c4,img_31509.jpg
p012,c4,img_93490.jpg
p012,c4,img_77274.jpg
p012,c4,img_16762.jpg
p012,c4,img_40614.jpg
p012,c4,img_13710.jpg
p012,c4,img_65846.jpg
p012,c4,img_51696.jpg
p012,c4,img_29510.jpg
p012,c4,img_30078.jpg
p012,c4,img_29069.jpg
p012,c4,img_38309.jpg
p012,c4,img_93410.jpg
p012,c4,img_93492.jpg
p012,c4,img_24607.jpg
p012,c4,img_319.jpg
p012,c4,img_24044.jpg
p012,c4,img_41322.jpg
p012,c4,img_81249.jpg
p012,c4,img_26899.jpg
p012,c4,img_28424.jpg
p012,c4,img_94892.jpg
p012,c4,img_10362.jpg
p012,c4,img_11263.jpg
p012,c4,img_45737.jpg
p012,c4,img_85452.jpg
p012,c4,img_17718.jpg
p012,c4,img_67424.jpg
p012,c4,img_61037.jpg
p012,c4,img_22219.jpg
p012,c4,img_12729.jpg
p012,c4,img_37670.jpg
p012,c4,img_43975.jpg
p012,c4,img_63260.jpg
p012,c4,img_14643.jpg
p012,c4,img_27831.jpg
p012,c4,img_69524.jpg
p012,c4,img_86689.jpg
p012,c4,img_2641.jpg
p012,c4,img_69188.jpg
p012,c4,img_12791.jpg
p012,c4,img_89153.jpg
p012,c4,img_71586.jpg
p012,c4,img_53886.jpg
p012,c4,img_75773.jpg
p012,c4,img_67896.jpg
p012,c4,img_20866.jpg
p012,c4,img_59172.jpg
p012,c4,img_54114.jpg
p012,c4,img_81044.jpg
p012,c4,img_101810.jpg
p012,c4,img_37774.jpg
p012,c4,img_92173.jpg
p012,c4,img_45006.jpg
p012,c4,img_75274.jpg
p012,c4,img_29692.jpg
p012,c4,img_24482.jpg
p012,c4,img_31781.jpg
p012,c4,img_81986.jpg
p012,c4,img_26683.jpg
p012,c5,img_92514.jpg
p012,c5,img_23627.jpg
p012,c5,img_83420.jpg
p012,c5,img_95316.jpg
p012,c5,img_82220.jpg
p012,c5,img_76575.jpg
p012,c5,img_35666.jpg
p012,c5,img_20291.jpg
p012,c5,img_38692.jpg
p012,c5,img_35077.jpg
p012,c5,img_100823.jpg
p012,c5,img_57600.jpg
p012,c5,img_43925.jpg
p012,c5,img_91437.jpg
p012,c5,img_6816.jpg
p012,c5,img_100556.jpg
p012,c5,img_79850.jpg
p012,c5,img_87216.jpg
p012,c5,img_91107.jpg
p012,c5,img_33382.jpg
p012,c5,img_659.jpg
p012,c5,img_68106.jpg
p012,c5,img_86703.jpg
p012,c5,img_92671.jpg
p012,c5,img_76622.jpg
p012,c5,img_32871.jpg
p012,c5,img_74036.jpg
p012,c5,img_2397.jpg
p012,c5,img_99528.jpg
p012,c5,img_59929.jpg
p012,c5,img_23817.jpg
p012,c5,img_37311.jpg
p012,c5,img_46919.jpg
p012,c5,img_8930.jpg
p012,c5,img_75976.jpg
p012,c5,img_31602.jpg
p012,c5,img_41179.jpg
p012,c5,img_84926.jpg
p012,c5,img_17815.jpg
p012,c5,img_25248.jpg
p012,c5,img_24999.jpg
p012,c5,img_76653.jpg
p012,c5,img_55587.jpg
p012,c5,img_66960.jpg
p012,c5,img_20763.jpg
p012,c5,img_91237.jpg
p012,c5,img_41565.jpg
p012,c5,img_77095.jpg
p012,c5,img_75026.jpg
p012,c5,img_1651.jpg
p012,c5,img_5515.jpg
p012,c5,img_19397.jpg
p012,c5,img_81274.jpg
p012,c5,img_83305.jpg
p012,c5,img_58050.jpg
p012,c5,img_58859.jpg
p012,c5,img_91055.jpg
p012,c5,img_89054.jpg
p012,c5,img_16680.jpg
p012,c5,img_90551.jpg
p012,c5,img_33106.jpg
p012,c5,img_78059.jpg
p012,c5,img_63552.jpg
p012,c5,img_45551.jpg
p012,c5,img_58763.jpg
p012,c5,img_36006.jpg
p012,c5,img_73605.jpg
p012,c5,img_26228.jpg
p012,c5,img_50113.jpg
p012,c5,img_2338.jpg
p012,c5,img_87031.jpg
p012,c5,img_91231.jpg
p012,c5,img_91170.jpg
p012,c5,img_47643.jpg
p012,c5,img_31880.jpg
p012,c5,img_61921.jpg
p012,c5,img_74420.jpg
p012,c5,img_80589.jpg
p012,c5,img_76129.jpg
p012,c5,img_20139.jpg
p012,c5,img_21410.jpg
p012,c5,img_84200.jpg
p012,c5,img_94080.jpg
p012,c5,img_17740.jpg
p012,c5,img_31824.jpg
p012,c5,img_16280.jpg
p012,c5,img_5510.jpg
p012,c5,img_65055.jpg
p012,c5,img_53162.jpg
p012,c5,img_69519.jpg
p012,c5,img_79555.jpg
p012,c5,img_88607.jpg
p012,c5,img_81638.jpg
p012,c5,img_53938.jpg
p012,c5,img_21382.jpg
p012,c5,img_56799.jpg
p012,c6,img_55547.jpg
p012,c6,img_82468.jpg
p012,c6,img_32955.jpg
p012,c6,img_22534.jpg
p012,c6,img_28165.jpg
p012,c6,img_6945.jpg
p012,c6,img_44509.jpg
p012,c6,img_81807.jpg
p012,c6,img_20312.jpg
p012,c6,img_35766.jpg
p012,c6,img_75045.jpg
p012,c6,img_20896.jpg
p012,c6,img_28455.jpg
p012,c6,img_41741.jpg
p012,c6,img_42058.jpg
p012,c6,img_44415.jpg
p012,c6,img_47609.jpg
p012,c6,img_55834.jpg
p012,c6,img_3114.jpg
p012,c6,img_90661.jpg
p012,c6,img_14050.jpg
p012,c6,img_83028.jpg
p012,c6,img_39802.jpg
p012,c6,img_18944.jpg
p012,c6,img_45628.jpg
p012,c6,img_3027.jpg
p012,c6,img_14988.jpg
p012,c6,img_73414.jpg
p012,c6,img_26326.jpg
p012,c6,img_43914.jpg
p012,c6,img_36249.jpg
p012,c6,img_19126.jpg
p012,c6,img_53517.jpg
p012,c6,img_101746.jpg
p012,c6,img_79991.jpg
p012,c6,img_10204.jpg
p012,c6,img_54717.jpg
p012,c6,img_38703.jpg
p012,c6,img_6758.jpg
p012,c6,img_53049.jpg
p012,c6,img_44080.jpg
p012,c6,img_24365.jpg
p012,c6,img_19657.jpg
p012,c6,img_83066.jpg
p012,c6,img_33394.jpg
p012,c6,img_40307.jpg
p012,c6,img_99697.jpg
p012,c6,img_35920.jpg
p012,c6,img_92663.jpg
p012,c6,img_73509.jpg
p012,c6,img_67816.jpg
p012,c6,img_25522.jpg
p012,c6,img_13709.jpg
p012,c6,img_83955.jpg
p012,c6,img_72729.jpg
p012,c6,img_8143.jpg
p012,c6,img_21058.jpg
p012,c6,img_102018.jpg
p012,c6,img_14664.jpg
p012,c6,img_93354.jpg
p012,c6,img_73972.jpg
p012,c6,img_72261.jpg
p012,c6,img_91178.jpg
p012,c6,img_86685.jpg
p012,c6,img_53931.jpg
p012,c6,img_81728.jpg
p012,c6,img_24620.jpg
p012,c6,img_87902.jpg
p012,c6,img_58308.jpg
p012,c6,img_98118.jpg
p012,c6,img_12448.jpg
p012,c6,img_18178.jpg
p012,c6,img_38349.jpg
p012,c6,img_88578.jpg
p012,c6,img_52659.jpg
p012,c7,img_100455.jpg
p012,c7,img_69996.jpg
p012,c7,img_44438.jpg
p012,c7,img_12267.jpg
p012,c7,img_10252.jpg
p012,c7,img_74958.jpg
p012,c7,img_82598.jpg
p012,c7,img_28516.jpg
p012,c7,img_15005.jpg
p012,c7,img_22372.jpg
p012,c7,img_27529.jpg
p012,c7,img_76280.jpg
p012,c7,img_69967.jpg
p012,c7,img_34377.jpg
p012,c7,img_84771.jpg
p012,c7,img_30834.jpg
p012,c7,img_7107.jpg
p012,c7,img_28139.jpg
p012,c7,img_53894.jpg
p012,c7,img_55823.jpg
p012,c7,img_28745.jpg
p012,c7,img_82992.jpg
p012,c7,img_81881.jpg
p012,c7,img_19427.jpg
p012,c7,img_54003.jpg
p012,c7,img_101869.jpg
p012,c7,img_49736.jpg
p012,c7,img_82788.jpg
p012,c7,img_59800.jpg
p012,c7,img_43500.jpg
p012,c7,img_19836.jpg
p012,c7,img_29217.jpg
p012,c7,img_100825.jpg
p012,c7,img_83410.jpg
p012,c7,img_9043.jpg
p012,c7,img_73798.jpg
p012,c7,img_6576.jpg
p012,c7,img_71887.jpg
p012,c7,img_64492.jpg
p012,c7,img_95450.jpg
p012,c7,img_54386.jpg
p012,c7,img_845.jpg
p012,c7,img_36913.jpg
p012,c7,img_101759.jpg
p012,c7,img_83798.jpg
p012,c7,img_85922.jpg
p012,c7,img_31783.jpg
p012,c7,img_78903.jpg
p012,c7,img_48156.jpg
p012,c7,img_93650.jpg
p012,c7,img_26990.jpg
p012,c7,img_35322.jpg
p012,c7,img_101743.jpg
p012,c7,img_97804.jpg
p012,c7,img_44321.jpg
p012,c7,img_9666.jpg
p012,c7,img_44404.jpg
p012,c7,img_86572.jpg
p012,c7,img_39295.jpg
p012,c7,img_62988.jpg
p012,c7,img_65354.jpg
p012,c7,img_92653.jpg
p012,c7,img_91964.jpg
p012,c7,img_81697.jpg
p012,c7,img_30600.jpg
p012,c7,img_30674.jpg
p012,c7,img_78220.jpg
p012,c7,img_67982.jpg
p012,c7,img_89485.jpg
p012,c7,img_84555.jpg
p012,c7,img_68102.jpg
p012,c7,img_54858.jpg
p012,c8,img_58933.jpg
p012,c8,img_46259.jpg
p012,c8,img_72343.jpg
p012,c8,img_56891.jpg
p012,c8,img_95460.jpg
p012,c8,img_41812.jpg
p012,c8,img_52606.jpg
p012,c8,img_86528.jpg
p012,c8,img_11324.jpg
p012,c8,img_9499.jpg
p012,c8,img_46758.jpg
p012,c8,img_75335.jpg
p012,c8,img_73146.jpg
p012,c8,img_43358.jpg
p012,c8,img_91228.jpg
p012,c8,img_6272.jpg
p012,c8,img_36898.jpg
p012,c8,img_35130.jpg
p012,c8,img_75654.jpg
p012,c8,img_57737.jpg
p012,c8,img_41757.jpg
p012,c8,img_67458.jpg
p012,c8,img_49255.jpg
p012,c8,img_35237.jpg
p012,c8,img_33633.jpg
p012,c8,img_14333.jpg
p012,c8,img_83594.jpg
p012,c8,img_61587.jpg
p012,c8,img_100467.jpg
p012,c8,img_70933.jpg
p012,c8,img_96819.jpg
p012,c8,img_8631.jpg
p012,c8,img_54660.jpg
p012,c8,img_101973.jpg
p012,c8,img_59999.jpg
p012,c8,img_922.jpg
p012,c8,img_75770.jpg
p012,c8,img_76082.jpg
p012,c8,img_48621.jpg
p012,c8,img_27033.jpg
p012,c8,img_64759.jpg
p012,c8,img_69730.jpg
p012,c8,img_39741.jpg
p012,c8,img_27544.jpg
p012,c8,img_100791.jpg
p012,c8,img_59353.jpg
p012,c8,img_19585.jpg
p012,c8,img_93459.jpg
p012,c8,img_100743.jpg
p012,c8,img_22133.jpg
p012,c8,img_73618.jpg
p012,c8,img_20639.jpg
p012,c8,img_93942.jpg
p012,c8,img_56616.jpg
p012,c8,img_52475.jpg
p012,c8,img_6070.jpg
p012,c8,img_2464.jpg
p012,c8,img_37893.jpg
p012,c8,img_15914.jpg
p012,c8,img_79024.jpg
p012,c8,img_59098.jpg
p012,c8,img_11924.jpg
p012,c9,img_79944.jpg
p012,c9,img_39227.jpg
p012,c9,img_21954.jpg
p012,c9,img_38106.jpg
p012,c9,img_17633.jpg
p012,c9,img_7091.jpg
p012,c9,img_67001.jpg
p012,c9,img_65521.jpg
p012,c9,img_99104.jpg
p012,c9,img_74547.jpg
p012,c9,img_93073.jpg
p012,c9,img_15164.jpg
p012,c9,img_95900.jpg
p012,c9,img_40481.jpg
p012,c9,img_60353.jpg
p012,c9,img_35647.jpg
p012,c9,img_79178.jpg
p012,c9,img_26364.jpg
p012,c9,img_70303.jpg
p012,c9,img_88570.jpg
p012,c9,img_34974.jpg
p012,c9,img_39031.jpg
p012,c9,img_90058.jpg
p012,c9,img_60624.jpg
p012,c9,img_62766.jpg
p012,c9,img_37605.jpg
p012,c9,img_20688.jpg
p012,c9,img_48683.jpg
p012,c9,img_38742.jpg
p012,c9,img_19854.jpg
p012,c9,img_99569.jpg
p012,c9,img_24302.jpg
p012,c9,img_51689.jpg
p012,c9,img_23612.jpg
p012,c9,img_2723.jpg
p012,c9,img_89399.jpg
p012,c9,img_77820.jpg
p012,c9,img_20392.jpg
p012,c9,img_29699.jpg
p012,c9,img_52806.jpg
p012,c9,img_84734.jpg
p012,c9,img_34561.jpg
p012,c9,img_99949.jpg
p012,c9,img_66080.jpg
p012,c9,img_24030.jpg
p012,c9,img_59747.jpg
p012,c9,img_48302.jpg
p012,c9,img_79471.jpg
p012,c9,img_33942.jpg
p012,c9,img_26240.jpg
p012,c9,img_24558.jpg
p012,c9,img_87154.jpg
p012,c9,img_68251.jpg
p012,c9,img_96877.jpg
p012,c9,img_22446.jpg
p012,c9,img_15374.jpg
p012,c9,img_68035.jpg
p012,c9,img_22266.jpg
p012,c9,img_62618.jpg
p012,c9,img_58499.jpg
p012,c9,img_15313.jpg
p012,c9,img_13762.jpg
p014,c0,img_72495.jpg
p014,c0,img_62101.jpg
p014,c0,img_34774.jpg
p014,c0,img_100312.jpg
p014,c0,img_12279.jpg
p014,c0,img_22206.jpg
p014,c0,img_12375.jpg
p014,c0,img_60454.jpg
p014,c0,img_70870.jpg
p014,c0,img_38951.jpg
p014,c0,img_99971.jpg
p014,c0,img_68412.jpg
p014,c0,img_26740.jpg
p014,c0,img_87016.jpg
p014,c0,img_1928.jpg
p014,c0,img_98402.jpg
p014,c0,img_15780.jpg
p014,c0,img_69573.jpg
p014,c0,img_69607.jpg
p014,c0,img_20018.jpg
p014,c0,img_9967.jpg
p014,c0,img_27832.jpg
p014,c0,img_13916.jpg
p014,c0,img_39938.jpg
p014,c0,img_69977.jpg
p014,c0,img_93422.jpg
p014,c0,img_96198.jpg
p014,c0,img_95169.jpg
p014,c0,img_34530.jpg
p014,c0,img_2764.jpg
p014,c0,img_80838.jpg
p014,c0,img_54004.jpg
p014,c0,img_8156.jpg
p014,c0,img_98917.jpg
p014,c0,img_55895.jpg
p014,c0,img_67176.jpg
p014,c0,img_6326.jpg
p014,c0,img_66711.jpg
p014,c0,img_42001.jpg
p014,c0,img_2064.jpg
p014,c0,img_23182.jpg
p014,c0,img_47225.jpg
p014,c0,img_47393.jpg
p014,c0,img_35474.jpg
p014,c0,img_8954.jpg
p014,c0,img_99179.jpg
p014,c0,img_49875.jpg
p014,c0,img_35908.jpg
p014,c0,img_31778.jpg
p014,c0,img_37897.jpg
p014,c0,img_40457.jpg
p014,c0,img_5605.jpg
p014,c0,img_98068.jpg
p014,c0,img_4447.jpg
p014,c0,img_4450.jpg
p014,c0,img_40967.jpg
p014,c0,img_22519.jpg
p014,c0,img_7828.jpg
p014,c0,img_53191.jpg
p014,c0,img_46190.jpg
p014,c0,img_17359.jpg
p014,c0,img_1005.jpg
p014,c0,img_41017.jpg
p014,c0,img_23996.jpg
p014,c0,img_55791.jpg
p014,c0,img_95735.jpg
p014,c0,img_67027.jpg
p014,c0,img_95086.jpg
p014,c0,img_89168.jpg
p014,c0,img_25389.jpg
p014,c0,img_26701.jpg
p014,c0,img_68180.jpg
p014,c0,img_31479.jpg
p014,c0,img_42232.jpg
p014,c0,img_67429.jpg
p014,c0,img_92464.jpg
p014,c0,img_97281.jpg
p014,c0,img_67041.jpg
p014,c0,img_86599.jpg
p014,c0,img_1078.jpg
p014,c0,img_58289.jpg
p014,c0,img_90747.jpg
p014,c0,img_47847.jpg
p014,c0,img_48062.jpg
p014,c0,img_41096.jpg
p014,c0,img_24984.jpg
p014,c0,img_80259.jpg
p014,c0,img_7415.jpg
p014,c0,img_60373.jpg
p014,c0,img_45304.jpg
p014,c0,img_91624.jpg
p014,c0,img_59598.jpg
p014,c0,img_64461.jpg
p014,c0,img_70787.jpg
p014,c0,img_89051.jpg
p014,c0,img_55385.jpg
p014,c0,img_22499.jpg
p014,c0,img_44627.jpg
p014,c0,img_38539.jpg
p014,c0,img_27414.jpg
p014,c1,img_30433.jpg
p014,c1,img_82604.jpg
p014,c1,img_5450.jpg
p014,c1,img_60603.jpg
p014,c1,img_47896.jpg
p014,c1,img_97366.jpg
p014,c1,img_15501.jpg
p014,c1,img_98739.jpg
p014,c1,img_12181.jpg
p014,c1,img_53010.jpg
p014,c1,img_64200.jpg
p014,c1,img_59748.jpg
p014,c1,img_33035.jpg
p014,c1,img_6678.jpg
p014,c1,img_95128.jpg
p014,c1,img_49338.jpg
p014,c1,img_83189.jpg
p014,c1,img_26718.jpg
p014,c1,img_32998.jpg
p014,c1,img_41191.jpg
p014,c1,img_64198.jpg
p014,c1,img_76180.jpg
p014,c1,img_11053.jpg
p014,c1,img_58578.jpg
p014,c1,img_98368.jpg
p014,c1,img_80378.jpg
p014,c1,img_96093.jpg
p014,c1,img_16861.jpg
p014,c1,img_73507.jpg
p014,c1,img_51101.jpg
p014,c1,img_36731.jpg
p014,c1,img_79638.jpg
p014,c1,img_23966.jpg
p014,c1,img_66851.jpg
p014,c1,img_3351.jpg
p014,c1,img_26355.jpg
p014,c1,img_21329.jpg
p014,c1,img_75786.jpg
p014,c1,img_46141.jpg
p014,c1,img_16382.jpg
p014,c1,img_53158.jpg
p014,c1,img_87912.jpg
p014,c1,img_84446.jpg
p014,c1,img_10812.jpg
p014,c1,img_12457.jpg
p014,c1,img_88886.jpg
p014,c1,img_1420.jpg
p014,c1,img_94778.jpg
p014,c1,img_37055.jpg
p014,c1,img_59094.jpg
p014,c1,img_57326.jpg
p014,c1,img_5503.jpg
p014,c1,img_92383.jpg
p014,c1,img_89888.jpg
p014,c1,img_101038.jpg
p014,c1,img_4747.jpg
p014,c1,img_98634.jpg
p014,c1,img_48353.jpg
p014,c1,img_41670.jpg
p014,c1,img_43955.jpg
p014,c1,img_7322.jpg
p014,c1,img_18964.jpg
p014,c1,img_76678.jpg
p014,c1,img_75152.jpg
p014,c1,img_41780.jpg
p014,c1,img_35598.jpg
p014,c1,img_1830.jpg
p014,c1,img_50710.jpg
p014,c1,img_49720.jpg
p014,c1,img_29828.jpg
p014,c1,img_56775.jpg
p014,c1,img_10626.jpg
p014,c1,img_33045.jpg
p014,c1,img_10606.jpg
p014,c1,img_88474.jpg
p014,c1,img_77376.jpg
p014,c1,img_20054.jpg
p014,c1,img_80892.jpg
p014,c1,img_82068.jpg
p014,c1,img_84578.jpg
p014,c1,img_83435.jpg
p014,c1,img_85652.jpg
p014,c1,img_61632.jpg
p014,c1,img_57881.jpg
p014,c1,img_3658.jpg
p014,c1,img_31913.jpg
p014,c1,img_53609.jpg
p014,c1,img_100046.jpg
p014,c1,img_13179.jpg
p014,c1,img_39409.jpg
p014,c1,img_38807.jpg
p014,c1,img_85388.jpg
p014,c1,img_85969.jpg
p014,c1,img_7470.jpg
p014,c1,img_30498.jpg
p014,c1,img_102119.jpg
p014,c1,img_64567.jpg
p014,c1,img_28720.jpg
p014,c1,img_31469.jpg
p014,c1,img_56396.jpg
p014,c1,img_7837.jpg
p014,c1,img_5545.jpg
p014,c1,img_48068.jpg
p014,c2,img_64745.jpg
p014,c2,img_72914.jpg
p014,c2,img_14363.jpg
p014,c2,img_92491.jpg
p014,c2,img_15069.jpg
p014,c2,img_20295.jpg
p014,c2,img_69428.jpg
p014,c2,img_81800.jpg
p014,c2,img_31740.jpg
p014,c2,img_32934.jpg
p014,c2,img_86001.jpg
p014,c2,img_69693.jpg
p014,c2,img_79195.jpg
p014,c2,img_381.jpg
p014,c2,img_24704.jpg
p014,c2,img_18891.jpg
p014,c2,img_14042.jpg
p014,c2,img_59705.jpg
p014,c2,img_52690.jpg
p014,c2,img_26136.jpg
p014,c2,img_54950.jpg
p014,c2,img_38486.jpg
p014,c2,img_61790.jpg
p014,c2,img_32525.jpg
p014,c2,img_1521.jpg
p014,c2,img_28258.jpg
p014,c2,img_47230.jpg
p014,c2,img_5018.jpg
p014,c2,img_25993.jpg
p014,c2,img_33669.jpg
p014,c2,img_97243.jpg
p014,c2,img_44050.jpg
p014,c2,img_74961.jpg
p014,c2,img_93720.jpg
p014,c2,img_5235.jpg
p014,c2,img_9230.jpg
p014,c2,img_72680.jpg
p014,c2,img_80800.jpg
p014,c2,img_20625.jpg
p014,c2,img_53127.jpg
p014,c2,img_10768.jpg
p014,c2,img_91559.jpg
p014,c2,img_90163.jpg
p014,c2,img_73143.jpg
p014,c2,img_65756.jpg
p014,c2,img_37269.jpg
p014,c2,img_32667.jpg
p014,c2,img_69721.jpg
p014,c2,img_90036.jpg
p014,c2,img_12410.jpg
p014,c2,img_51989.jpg
p014,c2,img_3741.jpg
p014,c2,img_58411.jpg
p014,c2,img_46496.jpg
p014,c2,img_25258.jpg
p014,c2,img_99824.jpg
p014,c2,img_1504.jpg
p014,c2,img_18144.jpg
p014,c2,img_69900.jpg
p014,c2,img_24240.jpg
p014,c2,img_39826.jpg
p014,c2,img_48228.jpg
p014,c2,img_45228.jpg
p014,c2,img_39809.jpg
p014,c2,img_19360.jpg
p014,c2,img_54759.jpg
p014,c2,img_69113.jpg
p014,c2,img_12740.jpg
p014,c2,img_9070.jpg
p014,c2,img_5179.jpg
p014,c2,img_49198.jpg
p014,c2,img_99502.jpg
p014,c2,img_88563.jpg
p014,c2,img_59935.jpg
p014,c2,img_86222.jpg
p014,c2,img_71529.jpg
p014,c2,img_60945.jpg
p014,c2,img_91676.jpg
p014,c2,img_271.jpg
p014,c2,img_52141.jpg
p014,c2,img_37310.jpg
p014,c2,img_87230.jpg
p014,c2,img_68372.jpg
p014,c2,img_40126.jpg
p014,c2,img_32455.jpg
p014,c2,img_45950.jpg
p014,c2,img_45539.jpg
p014,c2,img_80566.jpg
p014,c2,img_91009.jpg
p014,c2,img_20644.jpg
p014,c2,img_64261.jpg
p014,c2,img_21596.jpg
p014,c2,img_90385.jpg
p014,c2,img_66370.jpg
p014,c2,img_72579.jpg
p014,c2,img_84473.jpg
p014,c2,img_10277.jpg
p014,c2,img_45293.jpg
p014,c2,img_13994.jpg
p014,c2,img_53796.jpg
p014,c3,img_98826.jpg
p014,c3,img_98867.jpg
p014,c3,img_24776.jpg
p014,c3,img_51345.jpg
p014,c3,img_55398.jpg
p014,c3,img_86284.jpg
p014,c3,img_60065.jpg
p014,c3,img_22147.jpg
p014,c3,img_83693.jpg
p014,c3,img_27520.jpg
p014,c3,img_22511.jpg
p014,c3,img_46654.jpg
p014,c3,img_54235.jpg
p014,c3,img_52041.jpg
p014,c3,img_4483.jpg
p014,c3,img_35600.jpg
p014,c3,img_40012.jpg
p014,c3,img_47377.jpg
p014,c3,img_95723.jpg
p014,c3,img_40278.jpg
p014,c3,img_56276.jpg
p014,c3,img_79688.jpg
p014,c3,img_26317.jpg
p014,c3,img_77591.jpg
p014,c3,img_60343.jpg
p014,c3,img_92259.jpg
p014,c3,img_35180.jpg
p014,c3,img_28432.jpg
p014,c3,img_31811.jpg
p014,c3,img_83211.jpg
p014,c3,img_93634.jpg
p014,c3,img_39526.jpg
p014,c3,img_12011.jpg
p014,c3,img_41927.jpg
p014,c3,img_62048.jpg
p014,c3,img_72476.jpg
p014,c3,img_57618.jpg
p014,c3,img_41902.jpg
p014,c3,img_93131.jpg
p014,c3,img_60408.jpg
p014,c3,img_53667.jpg
p014,c3,img_50088.jpg
p014,c3,img_58803.jpg
p014,c3,img_79080.jpg
p014,c3,img_73861.jpg
p014,c3,img_1153.jpg
p014,c3,img_52921.jpg
p014,c3,img_14187.jpg
p014,c3,img_95370.jpg
p014,c3,img_27703.jpg
p014,c3,img_9225.jpg
p014,c3,img_17550.jpg
p014,c3,img_81974.jpg
p014,c3,img_1145.jpg
p014,c3,img_64639.jpg
p014,c3,img_26337.jpg
p014,c3,img_101035.jpg
p014,c3,img_13964.jpg
p014,c3,img_90231.jpg
p014,c3,img_72130.jpg
p014,c3,img_46285.jpg
p014,c3,img_95496.jpg
p014,c3,img_34001.jpg
p014,c3,img_56539.jpg
p014,c3,img_97080.jpg
p014,c3,img_53889.jpg
p014,c3,img_81138.jpg
p014,c3,img_89740.jpg
p014,c3,img_36150.jpg
p014,c3,img_4087.jpg
p014,c3,img_216.jpg
p014,c3,img_99727.jpg
p014,c3,img_84682.jpg
p014,c3,img_96851.jpg
p014,c3,img_13211.jpg
p014,c3,img_69741.jpg
p014,c3,img_19194.jpg
p014,c3,img_9157.jpg
p014,c3,img_13607.jpg
p014,c3,img_84368.jpg
p014,c3,img_66849.jpg
p014,c3,img_13863.jpg
p014,c3,img_27653.jpg
p014,c3,img_66954.jpg
p014,c3,img_19987.jpg
p014,c3,img_96837.jpg
p014,c3,img_21527.jpg
p014,c3,img_58380.jpg
p014,c3,img_63750.jpg
p014,c3,img_40857.jpg
p014,c3,img_15717.jpg
p014,c3,img_43590.jpg
p014,c3,img_101856.jpg
p014,c3,img_25864.jpg
p014,c3,img_51394.jpg
p014,c3,img_96401.jpg
p014,c3,img_24818.jpg
p014,c3,img_12557.jpg
p014,c3,img_86509.jpg
p014,c3,img_36270.jpg
p014,c4,img_7875.jpg
p014,c4,img_77156.jpg
p014,c4,img_53210.jpg
p014,c4,img_83623.jpg
p014,c4,img_101476.jpg
p014,c4,img_83850.jpg
p014,c4,img_83871.jpg
p014,c4,img_66435.jpg
p014,c4,img_3821.jpg
p014,c4,img_2322.jpg
p014,c4,img_74576.jpg
p014,c4,img_27095.jpg
p014,c4,img_51193.jpg
p014,c4,img_66833.jpg
p014,c4,img_9963.jpg
p014,c4,img_96966.jpg
p014,c4,img_66351.jpg
p014,c4,img_50121.jpg
p014,c4,img_56350.jpg
p014,c4,img_13244.jpg
p014,c4,img_35987.jpg
p014,c4,img_12319.jpg
p014,c4,img_87370.jpg
p014,c4,img_80502.jpg
p014,c4,img_70644.jpg
p014,c4,img_55810.jpg
p014,c4,img_67180.jpg
p014,c4,img_84224.jpg
p014,c4,img_73164.jpg
p014,c4,img_34646.jpg
p014,c4,img_17808.jpg
p014,c4,img_33450.jpg
p014,c4,img_16925.jpg
p014,c4,img_23408.jpg
p014,c4,img_99871.jpg
p014,c4,img_37171.jpg
p014,c4,img_57333.jpg
p014,c4,img_87180.jpg
p014,c4,img_97621.jpg
p014,c4,img_72153.jpg
p014,c4,img_45938.jpg
p014,c4,img_71390.jpg
p014,c4,img_19561.jpg
p014,c4,img_17369.jpg
p014,c4,img_56611.jpg
p014,c4,img_16030.jpg
p014,c4,img_47020.jpg
p014,c4,img_59426.jpg
p014,c4,img_56272.jpg
p014,c4,img_29411.jpg
p014,c4,img_64909.jpg
p014,c4,img_59706.jpg
p014,c4,img_76773.jpg
p014,c4,img_64386.jpg
p014,c4,img_41693.jpg
p014,c4,img_87547.jpg
p014,c4,img_63990.jpg
p014,c4,img_16500.jpg
p014,c4,img_62412.jpg
p014,c4,img_55675.jpg
p014,c4,img_63308.jpg
p014,c4,img_101920.jpg
p014,c4,img_99540.jpg
p014,c4,img_25361.jpg
p014,c4,img_60902.jpg
p014,c4,img_42954.jpg
p014,c4,img_81594.jpg
p014,c4,img_91158.jpg
p014,c4,img_25187.jpg
p014,c4,img_40976.jpg
p014,c4,img_91710.jpg
p014,c4,img_40258.jpg
p014,c4,img_65073.jpg
p014,c4,img_58837.jpg
p014,c4,img_93609.jpg
p014,c4,img_47057.jpg
p014,c4,img_23517.jpg
p014,c4,img_84579.jpg
p014,c4,img_69592.jpg
p014,c4,img_61208.jpg
p014,c4,img_53650.jpg
p014,c4,img_102128.jpg
p014,c4,img_45930.jpg
p014,c4,img_66703.jpg
p014,c4,img_69722.jpg
p014,c4,img_84987.jpg
p014,c4,img_967.jpg
p014,c4,img_68087.jpg
p014,c4,img_8251.jpg
p014,c4,img_52257.jpg
p014,c4,img_42753.jpg
p014,c4,img_568.jpg
p014,c4,img_50642.jpg
p014,c4,img_15617.jpg
p014,c4,img_98578.jpg
p014,c4,img_79286.jpg
p014,c4,img_24893.jpg
p014,c4,img_97888.jpg
p014,c4,img_79824.jpg
p014,c4,img_55985.jpg
p014,c4,img_18203.jpg
p014,c4,img_71169.jpg
p014,c4,img_82074.jpg
p014,c5,img_13547.jpg
p014,c5,img_44091.jpg
p014,c5,img_54782.jpg
p014,c5,img_70250.jpg
p014,c5,img_34859.jpg
p014,c5,img_81253.jpg
p014,c5,img_98623.jpg
p014,c5,img_85335.jpg
p014,c5,img_28635.jpg
p014,c5,img_20360.jpg
p014,c5,img_25949.jpg
p014,c5,img_83873.jpg
p014,c5,img_51395.jpg
p014,c5,img_11526.jpg
p014,c5,img_36152.jpg
p014,c5,img_34504.jpg
p014,c5,img_84428.jpg
p014,c5,img_26622.jpg
p014,c5,img_46997.jpg
p014,c5,img_91255.jpg
p014,c5,img_2130.jpg
p014,c5,img_69090.jpg
p014,c5,img_93468.jpg
p014,c5,img_68287.jpg
p014,c5,img_81819.jpg
p014,c5,img_27774.jpg
p014,c5,img_4147.jpg
p014,c5,img_16915.jpg
p014,c5,img_52213.jpg
p014,c5,img_28973.jpg
p014,c5,img_95711.jpg
p014,c5,img_19934.jpg
p014,c5,img_4344.jpg
p014,c5,img_16491.jpg
p014,c5,img_77895.jpg
p014,c5,img_65653.jpg
p014,c5,img_81929.jpg
p014,c5,img_11781.jpg
p014,c5,img_32131.jpg
p014,c5,img_12538.jpg
p014,c5,img_27652.jpg
p014,c5,img_15947.jpg
p014,c5,img_87416.jpg
p014,c5,img_12301.jpg
p014,c5,img_29599.jpg
p014,c5,img_57437.jpg
p014,c5,img_20816.jpg
p014,c5,img_7484.jpg
p014,c5,img_95577.jpg
p014,c5,img_36505.jpg
p014,c5,img_7306.jpg
p014,c5,img_67577.jpg
p014,c5,img_39324.jpg
p014,c5,img_96301.jpg
p014,c5,img_91132.jpg
p014,c5,img_34650.jpg
p014,c5,img_92952.jpg
p014,c5,img_40205.jpg
p014,c5,img_21433.jpg
p014,c5,img_59276.jpg
p014,c5,img_66246.jpg
p014,c5,img_8050.jpg
p014,c5,img_4372.jpg
p014,c5,img_42661.jpg
p014,c5,img_25017.jpg
p014,c5,img_19818.jpg
p014,c5,img_41357.jpg
p014,c5,img_2198.jpg
p014,c5,img_30592.jpg
p014,c5,img_72174.jpg
p014,c5,img_11830.jpg
p014,c5,img_69860.jpg
p014,c5,img_87081.jpg
p014,c5,img_39429.jpg
p014,c5,img_57479.jpg
p014,c5,img_19331.jpg
p014,c5,img_86725.jpg
p014,c5,img_37497.jpg
p014,c5,img_10202.jpg
p014,c5,img_24547.jpg
p014,c5,img_51724.jpg
p014,c5,img_35614.jpg
p014,c5,img_69003.jpg
p014,c5,img_37319.jpg
p014,c5,img_80315.jpg
p014,c5,img_1191.jpg
p014,c5,img_33799.jpg
p014,c5,img_92627.jpg
p014,c5,img_58584.jpg
p014,c5,img_77970.jpg
p014,c5,img_24781.jpg
p014,c5,img_33610.jpg
p014,c5,img_76155.jpg
p014,c5,img_19162.jpg
p014,c5,img_27083.jpg
p014,c5,img_34121.jpg
p014,c5,img_55376.jpg
p014,c5,img_4083.jpg
p014,c5,img_58594.jpg
p014,c5,img_50894.jpg
p014,c5,img_85453.jpg
p014,c5,img_40013.jpg
p014,c6,img_94499.jpg
p014,c6,img_21581.jpg
p014,c6,img_19251.jpg
p014,c6,img_12324.jpg
p014,c6,img_38966.jpg
p014,c6,img_54974.jpg
p014,c6,img_19879.jpg
p014,c6,img_31644.jpg
p014,c6,img_99407.jpg
p014,c6,img_9680.jpg
p014,c6,img_33838.jpg
p014,c6,img_33468.jpg
p014,c6,img_67406.jpg
p014,c6,img_971.jpg
p014,c6,img_45277.jpg
p014,c6,img_97825.jpg
p014,c6,img_73688.jpg
p014,c6,img_39989.jpg
p014,c6,img_61209.jpg
p014,c6,img_18407.jpg
p014,c6,img_31131.jpg
p014,c6,img_10846.jpg
p014,c6,img_40445.jpg
p014,c6,img_2462.jpg
p014,c6,img_57988.jpg
p014,c6,img_99454.jpg
p014,c6,img_53488.jpg
p014,c6,img_13918.jpg
p014,c6,img_27765.jpg
p014,c6,img_76554.jpg
p014,c6,img_39861.jpg
p014,c6,img_30542.jpg
p014,c6,img_90051.jpg
p014,c6,img_51832.jpg
p014,c6,img_16740.jpg
p014,c6,img_9842.jpg
p014,c6,img_26988.jpg
p014,c6,img_32516.jpg
p014,c6,img_64929.jpg
p014,c6,img_69498.jpg
p014,c6,img_31883.jpg
p014,c6,img_28985.jpg
p014,c6,img_3320.jpg
p014,c6,img_59654.jpg
p014,c6,img_102056.jpg
p014,c6,img_38935.jpg
p014,c6,img_64646.jpg
p014,c6,img_30205.jpg
p014,c6,img_40576.jpg
p014,c6,img_44861.jpg
p014,c6,img_61461.jpg
p014,c6,img_19941.jpg
p014,c6,img_97885.jpg
p014,c6,img_75826.jpg
p014,c6,img_46632.jpg
p014,c6,img_94121.jpg
p014,c6,img_49197.jpg
p014,c6,img_92503.jpg
p014,c6,img_1602.jpg
p014,c6,img_25912.jpg
p014,c6,img_28711.jpg
p014,c6,img_9492.jpg
p014,c6,img_39735.jpg
p014,c6,img_84726.jpg
p014,c6,img_25255.jpg
p014,c6,img_37032.jpg
p014,c6,img_74627.jpg
p014,c6,img_32055.jpg
p014,c6,img_68070.jpg
p014,c6,img_94581.jpg
p014,c6,img_62930.jpg
p014,c6,img_89295.jpg
p014,c6,img_82544.jpg
p014,c6,img_100548.jpg
p014,c6,img_32249.jpg
p014,c6,img_95549.jpg
p014,c6,img_81615.jpg
p014,c6,img_10422.jpg
p014,c6,img_22781.jpg
p014,c6,img_48349.jpg
p014,c6,img_85428.jpg
p014,c6,img_16526.jpg
p014,c6,img_81705.jpg
p014,c6,img_57012.jpg
p014,c6,img_88863.jpg
p014,c6,img_64303.jpg
p014,c6,img_75526.jpg
p014,c6,img_44004.jpg
p014,c6,img_72916.jpg
p014,c6,img_73197.jpg
p014,c6,img_59951.jpg
p014,c6,img_53456.jpg
p014,c6,img_52852.jpg
p014,c6,img_16049.jpg
p014,c6,img_74212.jpg
p014,c6,img_21616.jpg
p014,c6,img_81059.jpg
p014,c6,img_81774.jpg
p014,c6,img_65971.jpg
p014,c6,img_68881.jpg
p014,c6,img_80758.jpg
p014,c7,img_73378.jpg
p014,c7,img_40927.jpg
p014,c7,img_95214.jpg
p014,c7,img_65428.jpg
p014,c7,img_74115.jpg
p014,c7,img_86008.jpg
p014,c7,img_30859.jpg
p014,c7,img_65257.jpg
p014,c7,img_31562.jpg
p014,c7,img_96957.jpg
p014,c7,img_87575.jpg
p014,c7,img_61914.jpg
p014,c7,img_45678.jpg
p014,c7,img_77164.jpg
p014,c7,img_44011.jpg
p014,c7,img_67181.jpg
p014,c7,img_95315.jpg
p014,c7,img_79355.jpg
p014,c7,img_7398.jpg
p014,c7,img_2144.jpg
p014,c7,img_33741.jpg
p014,c7,img_76677.jpg
p014,c7,img_14810.jpg
p014,c7,img_73591.jpg
p014,c7,img_96015.jpg
p014,c7,img_83613.jpg
p014,c7,img_52735.jpg
p014,c7,img_10698.jpg
p014,c7,img_47254.jpg
p014,c7,img_24959.jpg
p014,c7,img_99736.jpg
p014,c7,img_66956.jpg
p014,c7,img_51133.jpg
p014,c7,img_55992.jpg
p014,c7,img_47882.jpg
p014,c7,img_39371.jpg
p014,c7,img_75743.jpg
p014,c7,img_58770.jpg
p014,c7,img_629.jpg
p014,c7,img_8744.jpg
p014,c7,img_41901.jpg
p014,c7,img_18345.jpg
p014,c7,img_28308.jpg
p014,c7,img_34690.jpg
p014,c7,img_19905.jpg
p014,c7,img_4292.jpg
p014,c7,img_94952.jpg
p014,c7,img_100683.jpg
p014,c7,img_87498.jpg
p014,c7,img_100783.jpg
p014,c7,img_68377.jpg
p014,c7,img_17270.jpg
p014,c7,img_68394.jpg
p014,c7,img_57745.jpg
p014,c7,img_20094.jpg
p014,c7,img_72969.jpg
p014,c7,img_42291.jpg
p014,c7,img_39979.jpg
p014,c7,img_68213.jpg
p014,c7,img_81443.jpg
p014,c7,img_59152.jpg
p014,c7,img_59949.jpg
p014,c7,img_5248.jpg
p014,c7,img_10094.jpg
p014,c7,img_101593.jpg
p014,c7,img_8968.jpg
p014,c7,img_46603.jpg
p014,c7,img_28686.jpg
p014,c7,img_90112.jpg
p014,c7,img_2757.jpg
p014,c7,img_25911.jpg
p014,c7,img_101295.jpg
p014,c7,img_61275.jpg
p014,c7,img_34046.jpg
p014,c7,img_81257.jpg
p014,c7,img_51521.jpg
p014,c7,img_45485.jpg
p014,c8,img_74003.jpg
p014,c8,img_531.jpg
p014,c8,img_56073.jpg
p014,c8,img_71971.jpg
p014,c8,img_89928.jpg
p014,c8,img_71204.jpg
p014,c8,img_87808.jpg
p014,c8,img_76450.jpg
p014,c8,img_77259.jpg
p014,c8,img_28079.jpg
p014,c8,img_37918.jpg
p014,c8,img_20492.jpg
p014,c8,img_55008.jpg
p014,c8,img_31158.jpg
p014,c8,img_9212.jpg
p014,c8,img_19323.jpg
p014,c8,img_58630.jpg
p014,c8,img_62031.jpg
p014,c8,img_50220.jpg
p014,c8,img_70207.jpg
p014,c8,img_43682.jpg
p014,c8,img_28233.jpg
p014,c8,img_89580.jpg
p014,c8,img_8605.jpg
p014,c8,img_97624.jpg
p014,c8,img_29403.jpg
p014,c8,img_32439.jpg
p014,c8,img_16326.jpg
p014,c8,img_70684.jpg
p014,c8,img_86189.jpg
p014,c8,img_43197.jpg
p014,c8,img_81097.jpg
p014,c8,img_90239.jpg
p014,c8,img_78710.jpg
p014,c8,img_36882.jpg
p014,c8,img_84560.jpg
p014,c8,img_12151.jpg
p014,c8,img_39245.jpg
p014,c9,img_58318.jpg
p014,c9,img_54320.jpg
p014,c9,img_73160.jpg
p014,c9,img_17772.jpg
p014,c9,img_11850.jpg
p014,c9,img_92366.jpg
p014,c9,img_101513.jpg
p014,c9,img_38250.jpg
p014,c9,img_50340.jpg
p014,c9,img_49703.jpg
p014,c9,img_57324.jpg
p014,c9,img_48026.jpg
p014,c9,img_52442.jpg
p014,c9,img_67891.jpg
p014,c9,img_36650.jpg
p014,c9,img_55898.jpg
p014,c9,img_36231.jpg
p014,c9,img_92682.jpg
p014,c9,img_75687.jpg
p014,c9,img_41912.jpg
p014,c9,img_82775.jpg
p014,c9,img_49132.jpg
p014,c9,img_90816.jpg
p014,c9,img_857.jpg
p014,c9,img_99761.jpg
p014,c9,img_51338.jpg
p014,c9,img_50698.jpg
p014,c9,img_56099.jpg
p014,c9,img_53852.jpg
p014,c9,img_294.jpg
p014,c9,img_21391.jpg
p014,c9,img_91518.jpg
p014,c9,img_47320.jpg
p014,c9,img_100327.jpg
p014,c9,img_83057.jpg
p014,c9,img_76723.jpg
p014,c9,img_52507.jpg
p014,c9,img_77356.jpg
p014,c9,img_49240.jpg
p014,c9,img_9626.jpg
p014,c9,img_94352.jpg
p014,c9,img_30061.jpg
p014,c9,img_45468.jpg
p014,c9,img_76776.jpg
p014,c9,img_81677.jpg
p014,c9,img_49943.jpg
p014,c9,img_21957.jpg
p014,c9,img_96705.jpg
p014,c9,img_13625.jpg
p014,c9,img_8708.jpg
p014,c9,img_9676.jpg
p014,c9,img_84350.jpg
p021,c0,img_58285.jpg
p021,c0,img_31808.jpg
p021,c0,img_34091.jpg
p021,c0,img_17767.jpg
p021,c0,img_2528.jpg
p021,c0,img_18895.jpg
p021,c0,img_24692.jpg
p021,c0,img_83000.jpg
p021,c0,img_64413.jpg
p021,c0,img_31460.jpg
p021,c0,img_51849.jpg
p021,c0,img_59569.jpg
p021,c0,img_73830.jpg
p021,c0,img_52101.jpg
p021,c0,img_24638.jpg
p021,c0,img_94283.jpg
p021,c0,img_42798.jpg
p021,c0,img_95525.jpg
p021,c0,img_45572.jpg
p021,c0,img_42578.jpg
p021,c0,img_31461.jpg
p021,c0,img_35515.jpg
p021,c0,img_6396.jpg
p021,c0,img_62643.jpg
p021,c0,img_41078.jpg
p021,c0,img_70073.jpg
p021,c0,img_99086.jpg
p021,c0,img_91903.jpg
p021,c0,img_65491.jpg
p021,c0,img_80290.jpg
p021,c0,img_51918.jpg
p021,c0,img_35642.jpg
p021,c0,img_39380.jpg
p021,c0,img_74317.jpg
p021,c0,img_45499.jpg
p021,c0,img_4054.jpg
p021,c0,img_98275.jpg
p021,c0,img_71196.jpg
p021,c0,img_948.jpg
p021,c0,img_86402.jpg
p021,c0,img_17538.jpg
p021,c0,img_44644.jpg
p021,c0,img_37570.jpg
p021,c0,img_85624.jpg
p021,c0,img_23631.jpg
p021,c0,img_76198.jpg
p021,c0,img_57905.jpg
p021,c0,img_31424.jpg
p021,c0,img_73813.jpg
p021,c0,img_35136.jpg
p021,c0,img_100656.jpg
p021,c0,img_24471.jpg
p021,c0,img_56098.jpg
p021,c0,img_63859.jpg
p021,c0,img_62583.jpg
p021,c0,img_101286.jpg
p021,c0,img_68708.jpg
p021,c0,img_13357.jpg
p021,c0,img_11035.jpg
p021,c0,img_35539.jpg
p021,c0,img_21822.jpg
p021,c0,img_8941.jpg
p021,c0,img_99271.jpg
p021,c0,img_92430.jpg
p021,c0,img_13639.jpg
p021,c0,img_15310.jpg
p021,c0,img_6087.jpg
p021,c0,img_88426.jpg
p021,c0,img_62023.jpg
p021,c0,img_84204.jpg
p021,c0,img_89689.jpg
p021,c0,img_27472.jpg
p021,c0,img_69997.jpg
p021,c0,img_67217.jpg
p021,c0,img_61067.jpg
p021,c0,img_66842.jpg
p021,c0,img_82185.jpg
p021,c0,img_9241.jpg
p021,c0,img_22026.jpg
p021,c0,img_84822.jpg
p021,c0,img_53145.jpg
p021,c0,img_9395.jpg
p021,c0,img_73951.jpg
p021,c0,img_4149.jpg
p021,c0,img_86589.jpg
p021,c0,img_21709.jpg
p021,c0,img_18523.jpg
p021,c0,img_609.jpg
p021,c0,img_28286.jpg
p021,c0,img_99651.jpg
p021,c0,img_7829.jpg
p021,c0,img_54419.jpg
p021,c0,img_77252.jpg
p021,c0,img_100257.jpg
p021,c0,img_97783.jpg
p021,c0,img_40014.jpg
p021,c0,img_16568.jpg
p021,c0,img_42143.jpg
p021,c0,img_62053.jpg
p021,c0,img_37626.jpg
p021,c0,img_1256.jpg
p021,c0,img_2334.jpg
p021,c0,img_77890.jpg
p021,c0,img_90464.jpg
p021,c0,img_17862.jpg
p021,c0,img_87330.jpg
p021,c0,img_98442.jpg
p021,c0,img_35235.jpg
p021,c0,img_3420.jpg
p021,c0,img_32779.jpg
p021,c0,img_82563.jpg
p021,c0,img_54047.jpg
p021,c0,img_72332.jpg
p021,c0,img_80170.jpg
p021,c0,img_24382.jpg
p021,c0,img_20498.jpg
p021,c0,img_13699.jpg
p021,c0,img_9198.jpg
p021,c0,img_2695.jpg
p021,c0,img_79266.jpg
p021,c0,img_77169.jpg
p021,c0,img_75107.jpg
p021,c0,img_15463.jpg
p021,c0,img_82200.jpg
p021,c0,img_92731.jpg
p021,c0,img_13338.jpg
p021,c0,img_26413.jpg
p021,c0,img_39865.jpg
p021,c0,img_78051.jpg
p021,c0,img_49110.jpg
p021,c0,img_47474.jpg
p021,c0,img_56357.jpg
p021,c0,img_12470.jpg
p021,c0,img_29923.jpg
p021,c0,img_79819.jpg
p021,c1,img_42876.jpg
p021,c1,img_91032.jpg
p021,c1,img_38536.jpg
p021,c1,img_50077.jpg
p021,c1,img_38242.jpg
p021,c1,img_27390.jpg
p021,c1,img_93994.jpg
p021,c1,img_19464.jpg
p021,c1,img_1939.jpg
p021,c1,img_59761.jpg
p021,c1,img_12579.jpg
p021,c1,img_34010.jpg
p021,c1,img_90725.jpg
p021,c1,img_2917.jpg
p021,c1,img_14226.jpg
p021,c1,img_47482.jpg
p021,c1,img_33010.jpg
p021,c1,img_17527.jpg
p021,c1,img_99084.jpg
p021,c1,img_91785.jpg
p021,c1,img_97645.jpg
p021,c1,img_3343.jpg
p021,c1,img_32382.jpg
p021,c1,img_57246.jpg
p021,c1,img_72986.jpg
p021,c1,img_28491.jpg
p021,c1,img_11444.jpg
p021,c1,img_49061.jpg
p021,c1,img_81474.jpg
p021,c1,img_22709.jpg
p021,c1,img_65272.jpg
p021,c1,img_95323.jpg
p021,c1,img_11056.jpg
p021,c1,img_22404.jpg
p021,c1,img_78802.jpg
p021,c1,img_91542.jpg
p021,c1,img_2825.jpg
p021,c1,img_53953.jpg
p021,c1,img_78289.jpg
p021,c1,img_30112.jpg
p021,c1,img_94444.jpg
p021,c1,img_20308.jpg
p021,c1,img_90271.jpg
p021,c1,img_12186.jpg
p021,c1,img_98387.jpg
p021,c1,img_15333.jpg
p021,c1,img_22401.jpg
p021,c1,img_5893.jpg
p021,c1,img_76569.jpg
p021,c1,img_59613.jpg
p021,c1,img_61113.jpg
p021,c1,img_24153.jpg
p021,c1,img_53130.jpg
p021,c1,img_2866.jpg
p021,c1,img_96828.jpg
p021,c1,img_34422.jpg
p021,c1,img_54535.jpg
p021,c1,img_84922.jpg
p021,c1,img_69298.jpg
p021,c1,img_46247.jpg
p021,c1,img_62154.jpg
p021,c1,img_64674.jpg
p021,c1,img_34061.jpg
p021,c1,img_66617.jpg
p021,c1,img_52165.jpg
p021,c1,img_34687.jpg
p021,c1,img_96239.jpg
p021,c1,img_71230.jpg
p021,c1,img_9655.jpg
p021,c1,img_76948.jpg
p021,c1,img_27364.jpg
p021,c1,img_43786.jpg
p021,c1,img_65636.jpg
p021,c1,img_4454.jpg
p021,c1,img_85229.jpg
p021,c1,img_26995.jpg
p021,c1,img_55309.jpg
p021,c1,img_100776.jpg
p021,c1,img_75493.jpg
p021,c1,img_13543.jpg
p021,c1,img_77000.jpg
p021,c1,img_9726.jpg
p021,c1,img_5898.jpg
p021,c1,img_95423.jpg
p021,c1,img_76843.jpg
p021,c1,img_56002.jpg
p021,c1,img_29314.jpg
p021,c1,img_54019.jpg
p021,c1,img_51709.jpg
p021,c1,img_14420.jpg
p021,c1,img_21336.jpg
p021,c1,img_822.jpg
p021,c1,img_17994.jpg
p021,c1,img_84691.jpg
p021,c1,img_97168.jpg
p021,c1,img_54079.jpg
p021,c1,img_32086.jpg
p021,c1,img_51087.jpg
p021,c1,img_63918.jpg
p021,c1,img_64954.jpg
p021,c1,img_17580.jpg
p021,c1,img_37868.jpg
p021,c1,img_26305.jpg
p021,c1,img_18003.jpg
p021,c1,img_77183.jpg
p021,c1,img_15395.jpg
p021,c1,img_17748.jpg
p021,c1,img_13728.jpg
p021,c1,img_87427.jpg
p021,c1,img_36969.jpg
p021,c1,img_70413.jpg
p021,c1,img_94146.jpg
p021,c1,img_48850.jpg
p021,c1,img_31629.jpg
p021,c1,img_73606.jpg
p021,c1,img_2315.jpg
p021,c1,img_95825.jpg
p021,c1,img_70410.jpg
p021,c1,img_25487.jpg
p021,c1,img_93494.jpg
p021,c1,img_40027.jpg
p021,c1,img_63381.jpg
p021,c1,img_91855.jpg
p021,c1,img_73255.jpg
p021,c1,img_94577.jpg
p021,c1,img_35576.jpg
p021,c1,img_2500.jpg
p021,c1,img_34186.jpg
p021,c1,img_44362.jpg
p021,c1,img_8420.jpg
p021,c1,img_13102.jpg
p021,c2,img_29485.jpg
p021,c2,img_4138.jpg
p021,c2,img_88100.jpg
p021,c2,img_67275.jpg
p021,c2,img_42027.jpg
p021,c2,img_93150.jpg
p021,c2,img_63309.jpg
p021,c2,img_8296.jpg
p021,c2,img_15791.jpg
p021,c2,img_97903.jpg
p021,c2,img_14551.jpg
p021,c2,img_37711.jpg
p021,c2,img_95105.jpg
p021,c2,img_7258.jpg
p021,c2,img_68364.jpg
p021,c2,img_31145.jpg
p021,c2,img_83161.jpg
p021,c2,img_29151.jpg
p021,c2,img_98762.jpg
p021,c2,img_102090.jpg
p021,c2,img_27627.jpg
p021,c2,img_87211.jpg
p021,c2,img_60738.jpg
p021,c2,img_33252.jpg
p021,c2,img_51277.jpg
p021,c2,img_40815.jpg
p021,c2,img_84615.jpg
p021,c2,img_2147.jpg
p021,c2,img_3563.jpg
p021,c2,img_26056.jpg
p021,c2,img_80731.jpg
p021,c2,img_64796.jpg
p021,c2,img_67164.jpg
p021,c2,img_77046.jpg
p021,c2,img_75939.jpg
p021,c2,img_40897.jpg
p021,c2,img_63526.jpg
p021,c2,img_100029.jpg
p021,c2,img_79363.jpg
p021,c2,img_35067.jpg
p021,c2,img_4745.jpg
p021,c2,img_38093.jpg
p021,c2,img_99699.jpg
p021,c2,img_31001.jpg
p021,c2,img_14731.jpg
p021,c2,img_15972.jpg
p021,c2,img_92315.jpg
p021,c2,img_9869.jpg
p021,c2,img_88800.jpg
p021,c2,img_2736.jpg
p021,c2,img_18947.jpg
p021,c2,img_48182.jpg
p021,c2,img_71081.jpg
p021,c2,img_91509.jpg
p021,c2,img_35894.jpg
p021,c2,img_83377.jpg
p021,c2,img_23015.jpg
p021,c2,img_27895.jpg
p021,c2,img_69051.jpg
p021,c2,img_49866.jpg
p021,c2,img_52919.jpg
p021,c2,img_57587.jpg
p021,c2,img_19043.jpg
p021,c2,img_76744.jpg
p021,c2,img_101956.jpg
p021,c2,img_17617.jpg
p021,c2,img_33418.jpg
p021,c2,img_22346.jpg
p021,c2,img_94657.jpg
p021,c2,img_70034.jpg
p021,c2,img_52810.jpg
p021,c2,img_68970.jpg
p021,c2,img_98158.jpg
p021,c2,img_57981.jpg
p021,c2,img_38467.jpg
p021,c2,img_69056.jpg
p021,c2,img_28938.jpg
p021,c2,img_38384.jpg
p021,c2,img_32157.jpg
p021,c2,img_30234.jpg
p021,c2,img_40689.jpg
p021,c2,img_58270.jpg
p021,c2,img_21755.jpg
p021,c2,img_64968.jpg
p021,c2,img_70331.jpg
p021,c2,img_53265.jpg
p021,c2,img_25064.jpg
p021,c2,img_48207.jpg
p021,c2,img_19357.jpg
p021,c2,img_18370.jpg
p021,c2,img_94598.jpg
p021,c2,img_64611.jpg
p021,c2,img_23318.jpg
p021,c2,img_1496.jpg
p021,c2,img_88262.jpg
p021,c2,img_36284.jpg
p021,c2,img_58882.jpg
p021,c2,img_80022.jpg
p021,c2,img_25350.jpg
p021,c2,img_87776.jpg
p021,c2,img_78430.jpg
p021,c2,img_29251.jpg
p021,c2,img_69450.jpg
p021,c2,img_14347.jpg
p021,c2,img_53925.jpg
p021,c2,img_23406.jpg
p021,c2,img_61855.jpg
p021,c2,img_86951.jpg
p021,c2,img_80816.jpg
p021,c2,img_83970.jpg
p021,c2,img_62393.jpg
p021,c2,img_31021.jpg
p021,c2,img_63855.jpg
p021,c2,img_65672.jpg
p021,c2,img_63085.jpg
p021,c2,img_16557.jpg
p021,c2,img_77824.jpg
p021,c2,img_8835.jpg
p021,c2,img_28677.jpg
p021,c2,img_74663.jpg
p021,c2,img_84331.jpg
p021,c2,img_6150.jpg
p021,c2,img_67126.jpg
p021,c2,img_40360.jpg
p021,c2,img_83583.jpg
p021,c2,img_57526.jpg
p021,c2,img_37649.jpg
p021,c3,img_28119.jpg
p021,c3,img_50581.jpg
p021,c3,img_21776.jpg
p021,c3,img_55972.jpg
p021,c3,img_29207.jpg
p021,c3,img_10928.jpg
p021,c3,img_94970.jpg
p021,c3,img_58768.jpg
p021,c3,img_97716.jpg
p021,c3,img_46071.jpg
p021,c3,img_74883.jpg
p021,c3,img_22968.jpg
p021,c3,img_93481.jpg
p021,c3,img_12718.jpg
p021,c3,img_70305.jpg
p021,c3,img_18677.jpg
p021,c3,img_67926.jpg
p021,c3,img_31583.jpg
p021,c3,img_50539.jpg
p021,c3,img_75733.jpg
p021,c3,img_41820.jpg
p021,c3,img_94042.jpg
p021,c3,img_90854.jpg
p021,c3,img_58975.jpg
p021,c3,img_52695.jpg
p021,c3,img_64294.jpg
p021,c3,img_8363.jpg
p021,c3,img_94379.jpg
p021,c3,img_66234.jpg
p021,c3,img_59116.jpg
p021,c3,img_51582.jpg
p021,c3,img_101757.jpg
p021,c3,img_10879.jpg
p021,c3,img_49058.jpg
p021,c3,img_77765.jpg
p021,c3,img_68634.jpg
p021,c3,img_43787.jpg
p021,c3,img_62680.jpg
p021,c3,img_14564.jpg
p021,c3,img_13512.jpg
p021,c3,img_18390.jpg
p021,c3,img_58215.jpg
p021,c3,img_87603.jpg
p021,c3,img_11677.jpg
p021,c3,img_90960.jpg
p021,c3,img_91052.jpg
p021,c3,img_99551.jpg
p021,c3,img_12248.jpg
p021,c3,img_2115.jpg
p021,c3,img_22676.jpg
p021,c3,img_65301.jpg
p021,c3,img_42123.jpg
p021,c3,img_101014.jpg
p021,c3,img_13240.jpg
p021,c3,img_72989.jpg
p021,c3,img_50402.jpg
p021,c3,img_97911.jpg
p021,c3,img_93642.jpg
p021,c3,img_3342.jpg
p021,c3,img_19754.jpg
p021,c3,img_73505.jpg
p021,c3,img_23883.jpg
p021,c3,img_99374.jpg
p021,c3,img_39063.jpg
p021,c3,img_43646.jpg
p021,c3,img_1329.jpg
p021,c3,img_18746.jpg
p021,c3,img_73031.jpg
p021,c3,img_43833.jpg
p021,c3,img_41297.jpg
p021,c3,img_25151.jpg
p021,c3,img_68154.jpg
p021,c3,img_18702.jpg
p021,c3,img_30072.jpg
p021,c3,img_79079.jpg
p021,c3,img_44864.jpg
p021,c3,img_40456.jpg
p021,c3,img_91551.jpg
p021,c3,img_59255.jpg
p021,c3,img_87086.jpg
p021,c3,img_30514.jpg
p021,c3,img_77361.jpg
p021,c3,img_101805.jpg
p021,c3,img_98066.jpg
p021,c3,img_91214.jpg
p021,c3,img_96363.jpg
p021,c3,img_9812.jpg
p021,c3,img_68978.jpg
p021,c3,img_52622.jpg
p021,c3,img_43835.jpg
p021,c3,img_42902.jpg
p021,c3,img_31586.jpg
p021,c3,img_8832.jpg
p021,c3,img_39528.jpg
p021,c3,img_86203.jpg
p021,c3,img_79626.jpg
p021,c3,img_101993.jpg
p021,c3,img_15799.jpg
p021,c3,img_63934.jpg
p021,c3,img_29533.jpg
p021,c3,img_45469.jpg
p021,c3,img_77025.jpg
p021,c3,img_40419.jpg
p021,c3,img_38942.jpg
p021,c3,img_100041.jpg
p021,c3,img_42148.jpg
p021,c3,img_65524.jpg
p021,c3,img_86136.jpg
p021,c3,img_9699.jpg
p021,c3,img_101477.jpg
p021,c3,img_53574.jpg
p021,c3,img_43041.jpg
p021,c3,img_58508.jpg
p021,c3,img_84880.jpg
p021,c3,img_46508.jpg
p021,c3,img_80475.jpg
p021,c3,img_43159.jpg
p021,c3,img_90965.jpg
p021,c3,img_38733.jpg
p021,c3,img_58909.jpg
p021,c3,img_99341.jpg
p021,c3,img_80440.jpg
p021,c3,img_32892.jpg
p021,c3,img_38933.jpg
p021,c3,img_77122.jpg
p021,c3,img_20185.jpg
p021,c3,img_4518.jpg
p021,c3,img_1645.jpg
p021,c4,img_82324.jpg
p021,c4,img_57590.jpg
p021,c4,img_48761.jpg
p021,c4,img_62517.jpg
p021,c4,img_18367.jpg
p021,c4,img_84831.jpg
p021,c4,img_44439.jpg
p021,c4,img_37653.jpg
p021,c4,img_78820.jpg
p021,c4,img_4391.jpg
p021,c4,img_5759.jpg
p021,c4,img_41172.jpg
p021,c4,img_7498.jpg
p021,c4,img_92859.jpg
p021,c4,img_94964.jpg
p021,c4,img_32444.jpg
p021,c4,img_86806.jpg
p021,c4,img_58937.jpg
p021,c4,img_11897.jpg
p021,c4,img_5603.jpg
p021,c4,img_51356.jpg
p021,c4,img_54661.jpg
p021,c4,img_19660.jpg
p021,c4,img_52106.jpg
p021,c4,img_61494.jpg
p021,c4,img_35451.jpg
p021,c4,img_5014.jpg
p021,c4,img_59035.jpg
p021,c4,img_61983.jpg
p021,c4,img_62318.jpg
p021,c4,img_66120.jpg
p021,c4,img_75515.jpg
p021,c4,img_90820.jpg
p021,c4,img_88726.jpg
p021,c4,img_67738.jpg
p021,c4,img_86916.jpg
p021,c4,img_43293.jpg
p021,c4,img_32517.jpg
p021,c4,img_6730.jpg
p021,c4,img_48472.jpg
p021,c4,img_15184.jpg
p021,c4,img_69473.jpg
p021,c4,img_15721.jpg
p021,c4,img_98481.jpg
p021,c4,img_29879.jpg
p021,c4,img_98932.jpg
p021,c4,img_6004.jpg
p021,c4,img_14593.jpg
p021,c4,img_5442.jpg
p021,c4,img_71201.jpg
p021,c4,img_10794.jpg
p021,c4,img_22075.jpg
p021,c4,img_494.jpg
p021,c4,img_85514.jpg
p021,c4,img_79904.jpg
p021,c4,img_28055.jpg
p021,c4,img_33134.jpg
p021,c4,img_76399.jpg
p021,c4,img_87040.jpg
p021,c4,img_28518.jpg
p021,c4,img_56761.jpg
p021,c4,img_39449.jpg
p021,c4,img_86952.jpg
p021,c4,img_66969.jpg
p021,c4,img_61155.jpg
p021,c4,img_16051.jpg
p021,c4,img_75720.jpg
p021,c4,img_89996.jpg
p021,c4,img_86944.jpg
p021,c4,img_94168.jpg
p021,c4,img_75924.jpg
p021,c4,img_88178.jpg
p021,c4,img_70628.jpg
p021,c4,img_28764.jpg
p021,c4,img_99544.jpg
p021,c4,img_48246.jpg
p021,c4,img_37255.jpg
p021,c4,img_44129.jpg
p021,c4,img_1552.jpg
p021,c4,img_10230.jpg
p021,c4,img_19134.jpg
p021,c4,img_11851.jpg
p021,c4,img_22881.jpg
p021,c4,img_51644.jpg
p021,c4,img_20306.jpg
p021,c4,img_4460.jpg
p021,c4,img_41982.jpg
p021,c4,img_98560.jpg
p021,c4,img_73704.jpg
p021,c4,img_32943.jpg
p021,c4,img_30512.jpg
p021,c4,img_20193.jpg
p021,c4,img_2308.jpg
p021,c4,img_15561.jpg
p021,c4,img_99931.jpg
p021,c4,img_91022.jpg
p021,c4,img_97839.jpg
p021,c4,img_81356.jpg
p021,c4,img_74543.jpg
p021,c4,img_23259.jpg
p021,c4,img_16418.jpg
p021,c4,img_34566.jpg
p021,c4,img_93192.jpg
p021,c4,img_6192.jpg
p021,c4,img_17020.jpg
p021,c4,img_71613.jpg
p021,c4,img_92643.jpg
p021,c4,img_4266.jpg
p021,c4,img_60776.jpg
p021,c4,img_15088.jpg
p021,c4,img_73384.jpg
p021,c4,img_79905.jpg
p021,c4,img_20705.jpg
p021,c4,img_1106.jpg
p021,c4,img_6018.jpg
p021,c4,img_16123.jpg
p021,c4,img_49619.jpg
p021,c4,img_1578.jpg
p021,c4,img_33576.jpg
p021,c4,img_18793.jpg
p021,c4,img_82855.jpg
p021,c4,img_75719.jpg
p021,c4,img_101588.jpg
p021,c4,img_96238.jpg
p021,c4,img_15720.jpg
p021,c4,img_78507.jpg
p021,c4,img_42570.jpg
p021,c4,img_15625.jpg
p021,c4,img_93682.jpg
p021,c4,img_68346.jpg
p021,c4,img_21533.jpg
p021,c4,img_81718.jpg
p021,c5,img_75836.jpg
p021,c5,img_100690.jpg
p021,c5,img_50563.jpg
p021,c5,img_1404.jpg
p021,c5,img_9759.jpg
p021,c5,img_10274.jpg
p021,c5,img_46237.jpg
p021,c5,img_37663.jpg
p021,c5,img_81921.jpg
p021,c5,img_78992.jpg
p021,c5,img_71102.jpg
p021,c5,img_26852.jpg
p021,c5,img_36251.jpg
p021,c5,img_76937.jpg
p021,c5,img_52826.jpg
p021,c5,img_20143.jpg
p021,c5,img_57081.jpg
p021,c5,img_26376.jpg
p021,c5,img_51254.jpg
p021,c5,img_45969.jpg
p021,c5,img_96295.jpg
p021,c5,img_12896.jpg
p021,c5,img_99642.jpg
p021,c5,img_44006.jpg
p021,c5,img_44803.jpg
p021,c5,img_8553.jpg
p021,c5,img_32664.jpg
p021,c5,img_45828.jpg
p021,c5,img_86048.jpg
p021,c5,img_64113.jpg
p021,c5,img_51890.jpg
p021,c5,img_47151.jpg
p021,c5,img_51479.jpg
p021,c5,img_31196.jpg
p021,c5,img_75798.jpg
p021,c5,img_50512.jpg
p021,c5,img_13202.jpg
p021,c5,img_91813.jpg
p021,c5,img_94547.jpg
p021,c5,img_74402.jpg
p021,c5,img_57045.jpg
p021,c5,img_22108.jpg
p021,c5,img_68889.jpg
p021,c5,img_101011.jpg
p021,c5,img_99688.jpg
p021,c5,img_65325.jpg
p021,c5,img_41833.jpg
p021,c5,img_34345.jpg
p021,c5,img_10638.jpg
p021,c5,img_44799.jpg
p021,c5,img_40155.jpg
p021,c5,img_73374.jpg
p021,c5,img_37720.jpg
p021,c5,img_49323.jpg
p021,c5,img_90498.jpg
p021,c5,img_57896.jpg
p021,c5,img_10510.jpg
p021,c5,img_87691.jpg
p021,c5,img_87189.jpg
p021,c5,img_61796.jpg
p021,c5,img_55226.jpg
p021,c5,img_47389.jpg
p021,c5,img_92551.jpg
p021,c5,img_72097.jpg
p021,c5,img_80175.jpg
p021,c5,img_74871.jpg
p021,c5,img_31351.jpg
p021,c5,img_35334.jpg
p021,c5,img_49687.jpg
p021,c5,img_77237.jpg
p021,c5,img_57276.jpg
p021,c5,img_24997.jpg
p021,c5,img_84464.jpg
p021,c5,img_54197.jpg
p021,c5,img_34684.jpg
p021,c5,img_66494.jpg
p021,c5,img_57173.jpg
p021,c5,img_33204.jpg
p021,c5,img_21217.jpg
p021,c5,img_37909.jpg
p021,c5,img_77959.jpg
p021,c5,img_76879.jpg
p021,c5,img_15312.jpg
p021,c5,img_11050.jpg
p021,c5,img_40123.jpg
p021,c5,img_28013.jpg
p021,c5,img_35061.jpg
p021,c5,img_44279.jpg
p021,c5,img_53336.jpg
p021,c5,img_17647.jpg
p021,c5,img_98456.jpg
p021,c5,img_26120.jpg
p021,c5,img_11109.jpg
p021,c5,img_13915.jpg
p021,c5,img_80410.jpg
p021,c5,img_55306.jpg
p021,c5,img_11171.jpg
p021,c5,img_7132.jpg
p021,c5,img_96826.jpg
p021,c5,img_7136.jpg
p021,c5,img_38070.jpg
p021,c5,img_70461.jpg
p021,c5,img_48644.jpg
p021,c5,img_96396.jpg
p021,c5,img_13008.jpg
p021,c5,img_58283.jpg
p021,c5,img_24147.jpg
p021,c5,img_96153.jpg
p021,c5,img_36282.jpg
p021,c5,img_30469.jpg
p021,c5,img_4092.jpg
p021,c5,img_30991.jpg
p021,c5,img_57851.jpg
p021,c5,img_42449.jpg
p021,c5,img_80346.jpg
p021,c5,img_8443.jpg
p021,c5,img_64541.jpg
p021,c5,img_101909.jpg
p021,c5,img_99710.jpg
p021,c5,img_75420.jpg
p021,c5,img_82733.jpg
p021,c5,img_89044.jpg
p021,c5,img_79001.jpg
p021,c5,img_8802.jpg
p021,c5,img_58290.jpg
p021,c5,img_61101.jpg
p021,c5,img_31761.jpg
p021,c5,img_72557.jpg
p021,c5,img_87850.jpg
p021,c5,img_30100.jpg
p021,c6,img_3440.jpg
p021,c6,img_63425.jpg
p021,c6,img_53264.jpg
p021,c6,img_65478.jpg
p021,c6,img_24675.jpg
p021,c6,img_97909.jpg
p021,c6,img_9299.jpg
p021,c6,img_34607.jpg
p021,c6,img_9650.jpg
p021,c6,img_23381.jpg
p021,c6,img_23572.jpg
p021,c6,img_35065.jpg
p021,c6,img_55712.jpg
p021,c6,img_49734.jpg
p021,c6,img_92055.jpg
p021,c6,img_56595.jpg
p021,c6,img_95818.jpg
p021,c6,img_101107.jpg
p021,c6,img_2515.jpg
p021,c6,img_15442.jpg
p021,c6,img_54743.jpg
p021,c6,img_62767.jpg
p021,c6,img_80478.jpg
p021,c6,img_88058.jpg
p021,c6,img_16901.jpg
p021,c6,img_60815.jpg
p021,c6,img_49041.jpg
p021,c6,img_5659.jpg
p021,c6,img_29395.jpg
p021,c6,img_32246.jpg
p021,c6,img_45854.jpg
p021,c6,img_28848.jpg
p021,c6,img_29993.jpg
p021,c6,img_88597.jpg
p021,c6,img_73652.jpg
p021,c6,img_100664.jpg
p021,c6,img_88151.jpg
p021,c6,img_24613.jpg
p021,c6,img_5883.jpg
p021,c6,img_19410.jpg
p021,c6,img_80224.jpg
p021,c6,img_35385.jpg
p021,c6,img_101077.jpg
p021,c6,img_68308.jpg
p021,c6,img_21650.jpg
p021,c6,img_75019.jpg
p021,c6,img_62203.jpg
p021,c6,img_65133.jpg
p021,c6,img_101908.jpg
p021,c6,img_94516.jpg
p021,c6,img_53555.jpg
p021,c6,img_43759.jpg
p021,c6,img_72425.jpg
p021,c6,img_2339.jpg
p021,c6,img_72962.jpg
p021,c6,img_41166.jpg
p021,c6,img_86508.jpg
p021,c6,img_38817.jpg
p021,c6,img_85179.jpg
p021,c6,img_65492.jpg
p021,c6,img_20121.jpg
p021,c6,img_40336.jpg
p021,c6,img_52227.jpg
p021,c6,img_91490.jpg
p021,c6,img_92917.jpg
p021,c6,img_16493.jpg
p021,c6,img_79723.jpg
p021,c6,img_875.jpg
p021,c6,img_74014.jpg
p021,c6,img_51441.jpg
p021,c6,img_1513.jpg
p021,c6,img_98547.jpg
p021,c6,img_31437.jpg
p021,c6,img_2410.jpg
p021,c6,img_8716.jpg
p021,c6,img_102144.jpg
p021,c6,img_5167.jpg
p021,c6,img_66564.jpg
p021,c6,img_43133.jpg
p021,c6,img_81741.jpg
p021,c6,img_64882.jpg
p021,c6,img_28449.jpg
p021,c6,img_47782.jpg
p021,c6,img_54216.jpg
p021,c6,img_68009.jpg
p021,c6,img_99081.jpg
p021,c6,img_55381.jpg
p021,c6,img_56751.jpg
p021,c6,img_82113.jpg
p021,c6,img_95980.jpg
p021,c6,img_7658.jpg
p021,c6,img_87505.jpg
p021,c6,img_63368.jpg
p021,c6,img_57572.jpg
p021,c6,img_81576.jpg
p021,c6,img_80797.jpg
p021,c6,img_66674.jpg
p021,c6,img_35564.jpg
p021,c6,img_3628.jpg
p021,c6,img_4844.jpg
p021,c6,img_85290.jpg
p021,c6,img_81690.jpg
p021,c6,img_66323.jpg
p021,c6,img_52339.jpg
p021,c6,img_31258.jpg
p021,c6,img_11621.jpg
p021,c6,img_28714.jpg
p021,c6,img_98797.jpg
p021,c6,img_33148.jpg
p021,c6,img_86108.jpg
p021,c6,img_60090.jpg
p021,c6,img_23446.jpg
p021,c6,img_61402.jpg
p021,c6,img_22493.jpg
p021,c6,img_61911.jpg
p021,c6,img_58206.jpg
p021,c6,img_59366.jpg
p021,c6,img_90985.jpg
p021,c6,img_24678.jpg
p021,c6,img_74803.jpg
p021,c6,img_98407.jpg
p021,c6,img_35295.jpg
p021,c6,img_51165.jpg
p021,c6,img_81777.jpg
p021,c6,img_14966.jpg
p021,c6,img_13080.jpg
p021,c7,img_49477.jpg
p021,c7,img_78293.jpg
p021,c7,img_42593.jpg
p021,c7,img_70526.jpg
p021,c7,img_86363.jpg
p021,c7,img_57076.jpg
p021,c7,img_36032.jpg
p021,c7,img_64854.jpg
p021,c7,img_92767.jpg
p021,c7,img_100076.jpg
p021,c7,img_38925.jpg
p021,c7,img_84484.jpg
p021,c7,img_30390.jpg
p021,c7,img_45619.jpg
p021,c7,img_60164.jpg
p021,c7,img_14205.jpg
p021,c7,img_4732.jpg
p021,c7,img_42048.jpg
p021,c7,img_36073.jpg
p021,c7,img_27966.jpg
p021,c7,img_36859.jpg
p021,c7,img_80890.jpg
p021,c7,img_61246.jpg
p021,c7,img_13229.jpg
p021,c7,img_23827.jpg
p021,c7,img_50030.jpg
p021,c7,img_25320.jpg
p021,c7,img_71003.jpg
p021,c7,img_42145.jpg
p021,c7,img_75150.jpg
p021,c7,img_80730.jpg
p021,c7,img_72142.jpg
p021,c7,img_19755.jpg
p021,c7,img_86270.jpg
p021,c7,img_90230.jpg
p021,c7,img_6778.jpg
p021,c7,img_26517.jpg
p021,c7,img_22875.jpg
p021,c7,img_28965.jpg
p021,c7,img_8897.jpg
p021,c7,img_66140.jpg
p021,c7,img_4672.jpg
p021,c7,img_86686.jpg
p021,c7,img_72873.jpg
p021,c7,img_77142.jpg
p021,c7,img_16215.jpg
p021,c7,img_83114.jpg
p021,c7,img_31133.jpg
p021,c7,img_82345.jpg
p021,c7,img_79113.jpg
p021,c7,img_1160.jpg
p021,c7,img_73253.jpg
p021,c7,img_96021.jpg
p021,c7,img_44503.jpg
p021,c7,img_28127.jpg
p021,c7,img_39648.jpg
p021,c7,img_43122.jpg
p021,c7,img_85941.jpg
p021,c7,img_84298.jpg
p021,c7,img_52943.jpg
p021,c7,img_21487.jpg
p021,c7,img_6949.jpg
p021,c7,img_48365.jpg
p021,c7,img_22272.jpg
p021,c7,img_6060.jpg
p021,c7,img_71866.jpg
p021,c7,img_94903.jpg
p021,c7,img_90211.jpg
p021,c7,img_41242.jpg
p021,c7,img_29866.jpg
p021,c7,img_66933.jpg
p021,c7,img_53193.jpg
p021,c7,img_96999.jpg
p021,c7,img_84437.jpg
p021,c7,img_66976.jpg
p021,c7,img_36454.jpg
p021,c7,img_64563.jpg
p021,c7,img_47927.jpg
p021,c7,img_5861.jpg
p021,c7,img_6057.jpg
p021,c7,img_15486.jpg
p021,c7,img_75118.jpg
p021,c7,img_38274.jpg
p021,c7,img_24929.jpg
p021,c7,img_74375.jpg
p021,c7,img_32072.jpg
p021,c7,img_10591.jpg
p021,c7,img_37325.jpg
p021,c7,img_21502.jpg
p021,c7,img_35673.jpg
p021,c7,img_96037.jpg
p021,c7,img_34798.jpg
p021,c7,img_81866.jpg
p021,c7,img_9616.jpg
p021,c7,img_21990.jpg
p021,c7,img_74536.jpg
p021,c7,img_398.jpg
p021,c7,img_27242.jpg
p021,c8,img_42490.jpg
p021,c8,img_62118.jpg
p021,c8,img_47484.jpg
p021,c8,img_89614.jpg
p021,c8,img_73917.jpg
p021,c8,img_18970.jpg
p021,c8,img_4853.jpg
p021,c8,img_39039.jpg
p021,c8,img_56078.jpg
p021,c8,img_83361.jpg
p021,c8,img_75591.jpg
p021,c8,img_51539.jpg
p021,c8,img_17950.jpg
p021,c8,img_47518.jpg
p021,c8,img_18790.jpg
p021,c8,img_69290.jpg
p021,c8,img_77709.jpg
p021,c8,img_89648.jpg
p021,c8,img_28854.jpg
p021,c8,img_22194.jpg
p021,c8,img_75673.jpg
p021,c8,img_97549.jpg
p021,c8,img_71684.jpg
p021,c8,img_20209.jpg
p021,c8,img_91555.jpg
p021,c8,img_60533.jpg
p021,c8,img_47271.jpg
p021,c8,img_84689.jpg
p021,c8,img_13868.jpg
p021,c8,img_57232.jpg
p021,c8,img_36526.jpg
p021,c8,img_45869.jpg
p021,c8,img_95570.jpg
p021,c8,img_50150.jpg
p021,c8,img_52596.jpg
p021,c8,img_75735.jpg
p021,c8,img_35293.jpg
p021,c8,img_49411.jpg
p021,c8,img_39677.jpg
p021,c8,img_57685.jpg
p021,c8,img_69185.jpg
p021,c8,img_40873.jpg
p021,c8,img_7514.jpg
p021,c8,img_3961.jpg
p021,c8,img_71835.jpg
p021,c8,img_32781.jpg
p021,c8,img_51691.jpg
p021,c8,img_2958.jpg
p021,c8,img_23960.jpg
p021,c8,img_50774.jpg
p021,c8,img_11932.jpg
p021,c8,img_60543.jpg
p021,c8,img_13213.jpg
p021,c8,img_11702.jpg
p021,c8,img_74520.jpg
p021,c8,img_96702.jpg
p021,c8,img_20212.jpg
p021,c8,img_47361.jpg
p021,c8,img_89839.jpg
p021,c8,img_87379.jpg
p021,c8,img_88573.jpg
p021,c8,img_98810.jpg
p021,c8,img_14667.jpg
p021,c8,img_11557.jpg
p021,c8,img_20398.jpg
p021,c8,img_72147.jpg
p021,c8,img_40602.jpg
p021,c8,img_57640.jpg
p021,c8,img_91091.jpg
p021,c8,img_13807.jpg
p021,c8,img_75295.jpg
p021,c8,img_26265.jpg
p021,c8,img_7757.jpg
p021,c8,img_58956.jpg
p021,c8,img_39165.jpg
p021,c8,img_31505.jpg
p021,c8,img_41700.jpg
p021,c8,img_57796.jpg
p021,c8,img_6289.jpg
p021,c8,img_101264.jpg
p021,c8,img_59660.jpg
p021,c8,img_247.jpg
p021,c8,img_97477.jpg
p021,c8,img_101229.jpg
p021,c8,img_45034.jpg
p021,c8,img_35367.jpg
p021,c8,img_21790.jpg
p021,c8,img_3948.jpg
p021,c8,img_29907.jpg
p021,c8,img_35438.jpg
p021,c8,img_59923.jpg
p021,c8,img_35796.jpg
p021,c8,img_102047.jpg
p021,c8,img_86786.jpg
p021,c8,img_23737.jpg
p021,c8,img_45707.jpg
p021,c8,img_87738.jpg
p021,c8,img_50928.jpg
p021,c8,img_42709.jpg
p021,c9,img_47155.jpg
p021,c9,img_79782.jpg
p021,c9,img_73198.jpg
p021,c9,img_75703.jpg
p021,c9,img_87791.jpg
p021,c9,img_10215.jpg
p021,c9,img_38704.jpg
p021,c9,img_74873.jpg
p021,c9,img_21081.jpg
p021,c9,img_53997.jpg
p021,c9,img_98999.jpg
p021,c9,img_8210.jpg
p021,c9,img_93535.jpg
p021,c9,img_23503.jpg
p021,c9,img_88557.jpg
p021,c9,img_22909.jpg
p021,c9,img_49317.jpg
p021,c9,img_1069.jpg
p021,c9,img_63607.jpg
p021,c9,img_76156.jpg
p021,c9,img_74187.jpg
p021,c9,img_19005.jpg
p021,c9,img_50540.jpg
p021,c9,img_46510.jpg
p021,c9,img_18881.jpg
p021,c9,img_6932.jpg
p021,c9,img_50680.jpg
p021,c9,img_89413.jpg
p021,c9,img_68229.jpg
p021,c9,img_41136.jpg
p021,c9,img_101240.jpg
p021,c9,img_40797.jpg
p021,c9,img_37277.jpg
p021,c9,img_46230.jpg
p021,c9,img_68791.jpg
p021,c9,img_68636.jpg
p021,c9,img_89582.jpg
p021,c9,img_48807.jpg
p021,c9,img_28025.jpg
p021,c9,img_14737.jpg
p021,c9,img_46608.jpg
p021,c9,img_65440.jpg
p021,c9,img_61897.jpg
p021,c9,img_93403.jpg
p021,c9,img_73893.jpg
p021,c9,img_45444.jpg
p021,c9,img_84826.jpg
p021,c9,img_33923.jpg
p021,c9,img_90602.jpg
p021,c9,img_81065.jpg
p021,c9,img_88913.jpg
p021,c9,img_80437.jpg
p021,c9,img_34442.jpg
p021,c9,img_47671.jpg
p021,c9,img_74561.jpg
p021,c9,img_62665.jpg
p021,c9,img_78934.jpg
p021,c9,img_11675.jpg
p021,c9,img_71015.jpg
p021,c9,img_21708.jpg
p021,c9,img_59409.jpg
p021,c9,img_98100.jpg
p021,c9,img_95935.jpg
p021,c9,img_29909.jpg
p021,c9,img_56862.jpg
p021,c9,img_95746.jpg
p021,c9,img_89933.jpg
p021,c9,img_17137.jpg
p021,c9,img_17788.jpg
p021,c9,img_18669.jpg
p021,c9,img_18918.jpg
p021,c9,img_36673.jpg
p021,c9,img_65548.jpg
p021,c9,img_72952.jpg
p021,c9,img_47970.jpg
p021,c9,img_61264.jpg
p021,c9,img_29307.jpg
p021,c9,img_23688.jpg
p021,c9,img_20775.jpg
p021,c9,img_50916.jpg
p021,c9,img_31563.jpg
p021,c9,img_79992.jpg
p021,c9,img_13059.jpg
p021,c9,img_29428.jpg
p021,c9,img_39564.jpg
p021,c9,img_55865.jpg
p021,c9,img_17801.jpg
p021,c9,img_8729.jpg
p021,c9,img_63769.jpg
p021,c9,img_99653.jpg
p021,c9,img_12548.jpg
p021,c9,img_59110.jpg
p021,c9,img_14357.jpg
p021,c9,img_90356.jpg
p021,c9,img_28603.jpg
p021,c9,img_51038.jpg
p021,c9,img_54055.jpg
p021,c9,img_64658.jpg
p021,c9,img_80430.jpg
p021,c9,img_25406.jpg
p021,c9,img_37363.jpg
p021,c9,img_40825.jpg
p021,c9,img_21051.jpg
p021,c9,img_60563.jpg
p021,c9,img_28199.jpg
p021,c9,img_92967.jpg
p021,c9,img_68847.jpg
p021,c9,img_25540.jpg
p021,c9,img_38346.jpg
p021,c9,img_31478.jpg
p021,c9,img_48189.jpg
p021,c9,img_72175.jpg
p021,c9,img_40779.jpg
p021,c9,img_84410.jpg
p021,c9,img_49923.jpg
p021,c9,img_75522.jpg
p021,c9,img_90184.jpg
p021,c9,img_1640.jpg
p021,c9,img_38851.jpg
p021,c9,img_13996.jpg
p021,c9,img_16132.jpg
p021,c9,img_56388.jpg
p021,c9,img_81375.jpg
p021,c9,img_43060.jpg
p021,c9,img_55.jpg
p021,c9,img_52400.jpg
p021,c9,img_19374.jpg
p021,c9,img_91417.jpg
p021,c9,img_50218.jpg
p021,c9,img_30706.jpg
p021,c9,img_57608.jpg
p081,c0,img_73734.jpg
p081,c0,img_91414.jpg
p081,c0,img_60226.jpg
p081,c0,img_71483.jpg
p081,c0,img_35809.jpg
p081,c0,img_90273.jpg
p081,c0,img_68246.jpg
p081,c0,img_68266.jpg
p081,c0,img_23142.jpg
p081,c0,img_29357.jpg
p081,c0,img_88930.jpg
p081,c0,img_86913.jpg
p081,c0,img_87060.jpg
p081,c0,img_10514.jpg
p081,c0,img_45571.jpg
p081,c0,img_28578.jpg
p081,c0,img_87245.jpg
p081,c0,img_81035.jpg
p081,c0,img_54712.jpg
p081,c0,img_63318.jpg
p081,c0,img_74632.jpg
p081,c0,img_13907.jpg
p081,c0,img_38288.jpg
p081,c0,img_59868.jpg
p081,c0,img_61865.jpg
p081,c0,img_71240.jpg
p081,c0,img_32990.jpg
p081,c0,img_84376.jpg
p081,c0,img_82453.jpg
p081,c0,img_58013.jpg
p081,c0,img_10141.jpg
p081,c0,img_59709.jpg
p081,c0,img_75764.jpg
p081,c0,img_2076.jpg
p081,c0,img_9648.jpg
p081,c0,img_16714.jpg
p081,c0,img_40733.jpg
p081,c0,img_47558.jpg
p081,c0,img_41894.jpg
p081,c0,img_22143.jpg
p081,c0,img_53356.jpg
p081,c0,img_9520.jpg
p081,c0,img_54086.jpg
p081,c0,img_34092.jpg
p081,c0,img_47385.jpg
p081,c0,img_27728.jpg
p081,c0,img_31076.jpg
p081,c0,img_99342.jpg
p081,c0,img_23298.jpg
p081,c0,img_90865.jpg
p081,c0,img_51985.jpg
p081,c0,img_91777.jpg
p081,c0,img_139.jpg
p081,c0,img_4335.jpg
p081,c0,img_39787.jpg
p081,c0,img_92814.jpg
p081,c0,img_81340.jpg
p081,c0,img_82267.jpg
p081,c0,img_97265.jpg
p081,c0,img_82353.jpg
p081,c0,img_56251.jpg
p081,c0,img_62383.jpg
p081,c0,img_36854.jpg
p081,c0,img_73825.jpg
p081,c0,img_3349.jpg
p081,c0,img_8222.jpg
p081,c0,img_71478.jpg
p081,c0,img_70795.jpg
p081,c0,img_57739.jpg
p081,c0,img_32714.jpg
p081,c0,img_68629.jpg
p081,c0,img_47447.jpg
p081,c0,img_21699.jpg
p081,c0,img_37676.jpg
p081,c0,img_50942.jpg
p081,c0,img_7549.jpg
p081,c0,img_49150.jpg
p081,c0,img_35189.jpg
p081,c0,img_94437.jpg
p081,c0,img_84899.jpg
p081,c0,img_55683.jpg
p081,c0,img_5963.jpg
p081,c0,img_6002.jpg
p081,c0,img_27760.jpg
p081,c0,img_58551.jpg
p081,c0,img_73392.jpg
p081,c0,img_49161.jpg
p081,c0,img_53288.jpg
p081,c0,img_55583.jpg
p081,c0,img_41089.jpg
p081,c0,img_95596.jpg
p081,c0,img_101668.jpg
p081,c0,img_14552.jpg
p081,c0,img_94842.jpg
p081,c0,img_29918.jpg
p081,c0,img_83134.jpg
p081,c0,img_88085.jpg
p081,c0,img_96916.jpg
p081,c0,img_90159.jpg
p081,c0,img_80531.jpg
p081,c1,img_79419.jpg
p081,c1,img_42979.jpg
p081,c1,img_42624.jpg
p081,c1,img_8465.jpg
p081,c1,img_26592.jpg
p081,c1,img_49070.jpg
p081,c1,img_46867.jpg
p081,c1,img_77489.jpg
p081,c1,img_27204.jpg
p081,c1,img_69061.jpg
p081,c1,img_92935.jpg
p081,c1,img_98085.jpg
p081,c1,img_7301.jpg
p081,c1,img_44314.jpg
p081,c1,img_3879.jpg
p081,c1,img_55482.jpg
p081,c1,img_81494.jpg
p081,c1,img_5796.jpg
p081,c1,img_87887.jpg
p081,c1,img_81045.jpg
p081,c1,img_70907.jpg
p081,c1,img_57621.jpg
p081,c1,img_36088.jpg
p081,c1,img_53777.jpg
p081,c1,img_74517.jpg
p081,c1,img_55432.jpg
p081,c1,img_62069.jpg
p081,c1,img_17871.jpg
p081,c1,img_7380.jpg
p081,c1,img_49094.jpg
p081,c1,img_87799.jpg
p081,c1,img_74326.jpg
p081,c1,img_99479.jpg
p081,c1,img_86967.jpg
p081,c1,img_35964.jpg
p081,c1,img_73034.jpg
p081,c1,img_33173.jpg
p081,c1,img_95090.jpg
p081,c1,img_6347.jpg
p081,c1,img_74573.jpg
p081,c1,img_95820.jpg
p081,c1,img_68893.jpg
p081,c1,img_29400.jpg
p081,c1,img_67327.jpg
p081,c1,img_72447.jpg
p081,c1,img_26914.jpg
p081,c1,img_86992.jpg
p081,c1,img_95566.jpg
p081,c1,img_61485.jpg
p081,c1,img_21385.jpg
p081,c1,img_74308.jpg
p081,c1,img_41665.jpg
p081,c1,img_56869.jpg
p081,c1,img_66053.jpg
p081,c1,img_73485.jpg
p081,c1,img_87958.jpg
p081,c1,img_42169.jpg
p081,c1,img_14428.jpg
p081,c1,img_2298.jpg
p081,c1,img_56524.jpg
p081,c1,img_2217.jpg
p081,c1,img_7368.jpg
p081,c1,img_91135.jpg
p081,c1,img_38696.jpg
p081,c1,img_41412.jpg
p081,c1,img_26944.jpg
p081,c1,img_2975.jpg
p081,c1,img_7227.jpg
p081,c1,img_7317.jpg
p081,c1,img_32209.jpg
p081,c1,img_9061.jpg
p081,c1,img_80211.jpg
p081,c1,img_24255.jpg
p081,c1,img_5242.jpg
p081,c1,img_63233.jpg
p081,c1,img_86495.jpg
p081,c1,img_85165.jpg
p081,c1,img_6300.jpg
p081,c1,img_53728.jpg
p081,c1,img_49027.jpg
p081,c1,img_63037.jpg
p081,c1,img_19099.jpg
p081,c1,img_37460.jpg
p081,c1,img_93879.jpg
p081,c1,img_6212.jpg
p081,c1,img_68842.jpg
p081,c1,img_66222.jpg
p081,c1,img_79000.jpg
p081,c1,img_21305.jpg
p081,c1,img_35302.jpg
p081,c2,img_24508.jpg
p081,c2,img_47662.jpg
p081,c2,img_24023.jpg
p081,c2,img_84503.jpg
p081,c2,img_71726.jpg
p081,c2,img_56804.jpg
p081,c2,img_63662.jpg
p081,c2,img_32687.jpg
p081,c2,img_49445.jpg
p081,c2,img_2967.jpg
p081,c2,img_41728.jpg
p081,c2,img_15756.jpg
p081,c2,img_55338.jpg
p081,c2,img_51781.jpg
p081,c2,img_97226.jpg
p081,c2,img_31406.jpg
p081,c2,img_55152.jpg
p081,c2,img_16853.jpg
p081,c2,img_93382.jpg
p081,c2,img_67369.jpg
p081,c2,img_15659.jpg
p081,c2,img_46160.jpg
p081,c2,img_15219.jpg
p081,c2,img_82776.jpg
p081,c2,img_90732.jpg
p081,c2,img_48977.jpg
p081,c2,img_4721.jpg
p081,c2,img_15520.jpg
p081,c2,img_34451.jpg
p081,c2,img_57036.jpg
p081,c2,img_100458.jpg
p081,c2,img_51235.jpg
p081,c2,img_78315.jpg
p081,c2,img_16831.jpg
p081,c2,img_90344.jpg
p081,c2,img_13188.jpg
p081,c2,img_85296.jpg
p081,c2,img_11744.jpg
p081,c2,img_16231.jpg
p081,c2,img_83976.jpg
p081,c2,img_94192.jpg
p081,c2,img_20114.jpg
p081,c2,img_93725.jpg
p081,c2,img_97064.jpg
p081,c2,img_35305.jpg
p081,c2,img_66384.jpg
p081,c2,img_6346.jpg
p081,c2,img_16635.jpg
p081,c2,img_51247.jpg
p081,c2,img_20214.jpg
p081,c2,img_20223.jpg
p081,c2,img_61122.jpg
p081,c2,img_32165.jpg
p081,c2,img_34920.jpg
p081,c2,img_23794.jpg
p081,c2,img_44274.jpg
p081,c2,img_27484.jpg
p081,c2,img_87286.jpg
p081,c2,img_89455.jpg
p081,c2,img_43132.jpg
p081,c2,img_29170.jpg
p081,c2,img_79318.jpg
p081,c2,img_96719.jpg
p081,c2,img_77950.jpg
p081,c2,img_96245.jpg
p081,c2,img_5362.jpg
p081,c2,img_26768.jpg
p081,c2,img_100738.jpg
p081,c2,img_94933.jpg
p081,c2,img_5465.jpg
p081,c2,img_31569.jpg
p081,c2,img_46217.jpg
p081,c2,img_13221.jpg
p081,c2,img_38037.jpg
p081,c2,img_86211.jpg
p081,c2,img_87387.jpg
p081,c2,img_30690.jpg
p081,c2,img_71589.jpg
p081,c2,img_68333.jpg
p081,c2,img_100108.jpg
p081,c2,img_61253.jpg
p081,c2,img_9779.jpg
p081,c2,img_95501.jpg
p081,c2,img_10607.jpg
p081,c2,img_52577.jpg
p081,c2,img_74571.jpg
p081,c2,img_75158.jpg
p081,c2,img_37438.jpg
p081,c2,img_62656.jpg
p081,c2,img_69088.jpg
p081,c2,img_93872.jpg
p081,c2,img_90583.jpg
p081,c2,img_15905.jpg
p081,c2,img_81361.jpg
p081,c2,img_38337.jpg
p081,c2,img_82253.jpg
p081,c3,img_89165.jpg
p081,c3,img_2114.jpg
p081,c3,img_13326.jpg
p081,c3,img_33011.jpg
p081,c3,img_64792.jpg
p081,c3,img_50977.jpg
p081,c3,img_27867.jpg
p081,c3,img_84460.jpg
p081,c3,img_17998.jpg
p081,c3,img_93704.jpg
p081,c3,img_19220.jpg
p081,c3,img_82742.jpg
p081,c3,img_40557.jpg
p081,c3,img_33972.jpg
p081,c3,img_62800.jpg
p081,c3,img_50125.jpg
p081,c3,img_28942.jpg
p081,c3,img_4863.jpg
p081,c3,img_73586.jpg
p081,c3,img_63976.jpg
p081,c3,img_84256.jpg
p081,c3,img_12185.jpg
p081,c3,img_98784.jpg
p081,c3,img_69971.jpg
p081,c3,img_54898.jpg
p081,c3,img_44716.jpg
p081,c3,img_29284.jpg
p081,c3,img_75477.jpg
p081,c3,img_84810.jpg
p081,c3,img_4640.jpg
p081,c3,img_87470.jpg
p081,c3,img_35269.jpg
p081,c3,img_43348.jpg
p081,c3,img_98876.jpg
p081,c3,img_65100.jpg
p081,c3,img_45785.jpg
p081,c3,img_89257.jpg
p081,c3,img_9682.jpg
p081,c3,img_83354.jpg
p081,c3,img_51491.jpg
p081,c3,img_90603.jpg
p081,c3,img_36761.jpg
p081,c3,img_12537.jpg
p081,c3,img_42039.jpg
p081,c3,img_26519.jpg
p081,c3,img_44440.jpg
p081,c3,img_63572.jpg
p081,c3,img_90911.jpg
p081,c3,img_83425.jpg
p081,c3,img_25363.jpg
p081,c3,img_13389.jpg
p081,c3,img_93142.jpg
p081,c3,img_35732.jpg
p081,c3,img_73295.jpg
p081,c3,img_6811.jpg
p081,c3,img_41984.jpg
p081,c3,img_44260.jpg
p081,c3,img_33228.jpg
p081,c3,img_91761.jpg
p081,c3,img_58543.jpg
p081,c3,img_54238.jpg
p081,c3,img_96628.jpg
p081,c3,img_86250.jpg
p081,c3,img_84290.jpg
p081,c3,img_51623.jpg
p081,c3,img_88690.jpg
p081,c3,img_25815.jpg
p081,c3,img_43859.jpg
p081,c3,img_58816.jpg
p081,c3,img_40931.jpg
p081,c3,img_17682.jpg
p081,c3,img_88859.jpg
p081,c3,img_67193.jpg
p081,c3,img_11144.jpg
p081,c3,img_59908.jpg
p081,c3,img_58961.jpg
p081,c3,img_72310.jpg
p081,c3,img_68390.jpg
p081,c3,img_37063.jpg
p081,c3,img_69083.jpg
p081,c3,img_88875.jpg
p081,c3,img_4401.jpg
p081,c4,img_6648.jpg
p081,c4,img_14792.jpg
p081,c4,img_48252.jpg
p081,c4,img_58467.jpg
p081,c4,img_47321.jpg
p081,c4,img_9572.jpg
p081,c4,img_77586.jpg
p081,c4,img_18155.jpg
p081,c4,img_21800.jpg
p081,c4,img_89213.jpg
p081,c4,img_13973.jpg
p081,c4,img_2499.jpg
p081,c4,img_87520.jpg
p081,c4,img_47177.jpg
p081,c4,img_32186.jpg
p081,c4,img_452.jpg
p081,c4,img_74289.jpg
p081,c4,img_99821.jpg
p081,c4,img_39670.jpg
p081,c4,img_78271.jpg
p081,c4,img_45833.jpg
p081,c4,img_58743.jpg
p081,c4,img_76277.jpg
p081,c4,img_79820.jpg
p081,c4,img_29971.jpg
p081,c4,img_34946.jpg
p081,c4,img_88761.jpg
p081,c4,img_13613.jpg
p081,c4,img_52391.jpg
p081,c4,img_16270.jpg
p081,c4,img_50793.jpg
p081,c4,img_63401.jpg
p081,c4,img_21764.jpg
p081,c4,img_101029.jpg
p081,c4,img_60290.jpg
p081,c4,img_51903.jpg
p081,c4,img_35072.jpg
p081,c4,img_78827.jpg
p081,c4,img_4440.jpg
p081,c4,img_36078.jpg
p081,c4,img_70033.jpg
p081,c4,img_52951.jpg
p081,c4,img_13422.jpg
p081,c4,img_86549.jpg
p081,c4,img_95985.jpg
p081,c4,img_92625.jpg
p081,c4,img_37538.jpg
p081,c4,img_53259.jpg
p081,c4,img_89746.jpg
p081,c4,img_92385.jpg
p081,c4,img_68224.jpg
p081,c4,img_42125.jpg
p081,c4,img_775.jpg
p081,c4,img_9448.jpg
p081,c4,img_2910.jpg
p081,c4,img_11052.jpg
p081,c4,img_38490.jpg
p081,c4,img_72432.jpg
p081,c4,img_49658.jpg
p081,c4,img_22314.jpg
p081,c4,img_61941.jpg
p081,c4,img_11976.jpg
p081,c4,img_36844.jpg
p081,c4,img_92488.jpg
p081,c4,img_54158.jpg
p081,c4,img_22886.jpg
p081,c4,img_23812.jpg
p081,c4,img_90874.jpg
p081,c4,img_68118.jpg
p081,c4,img_63638.jpg
p081,c4,img_24247.jpg
p081,c4,img_29229.jpg
p081,c4,img_67543.jpg
p081,c4,img_37053.jpg
p081,c4,img_31474.jpg
p081,c4,img_3345.jpg
p081,c4,img_33888.jpg
p081,c5,img_75175.jpg
p081,c5,img_2645.jpg
p081,c5,img_70328.jpg
p081,c5,img_50186.jpg
p081,c5,img_54207.jpg
p081,c5,img_70946.jpg
p081,c5,img_76359.jpg
p081,c5,img_78744.jpg
p081,c5,img_97725.jpg
p081,c5,img_88956.jpg
p081,c5,img_12644.jpg
p081,c5,img_56202.jpg
p081,c5,img_85173.jpg
p081,c5,img_69602.jpg
p081,c5,img_33804.jpg
p081,c5,img_87588.jpg
p081,c5,img_63190.jpg
p081,c5,img_96233.jpg
p081,c5,img_38976.jpg
p081,c5,img_18114.jpg
p081,c5,img_83648.jpg
p081,c5,img_71388.jpg
p081,c5,img_86184.jpg
p081,c5,img_71103.jpg
p081,c5,img_77159.jpg
p081,c5,img_46440.jpg
p081,c5,img_19563.jpg
p081,c5,img_36886.jpg
p081,c5,img_72777.jpg
p081,c5,img_44429.jpg
p081,c5,img_45097.jpg
p081,c5,img_19873.jpg
p081,c5,img_15566.jpg
p081,c5,img_44634.jpg
p081,c5,img_28146.jpg
p081,c5,img_93036.jpg
p081,c5,img_82115.jpg
p081,c5,img_18866.jpg
p081,c5,img_33184.jpg
p081,c5,img_96678.jpg
p081,c5,img_84162.jpg
p081,c5,img_82704.jpg
p081,c5,img_68590.jpg
p081,c5,img_95740.jpg
p081,c5,img_49803.jpg
p081,c5,img_69726.jpg
p081,c5,img_44540.jpg
p081,c5,img_1605.jpg
p081,c5,img_74424.jpg
p081,c5,img_67163.jpg
p081,c5,img_80300.jpg
p081,c5,img_32012.jpg
p081,c5,img_34549.jpg
p081,c5,img_58311.jpg
p081,c5,img_56467.jpg
p081,c5,img_20012.jpg
p081,c5,img_58123.jpg
p081,c5,img_64242.jpg
p081,c5,img_52574.jpg
p081,c5,img_30493.jpg
p081,c5,img_53853.jpg
p081,c5,img_43997.jpg
p081,c5,img_23085.jpg
p081,c5,img_28524.jpg
p081,c5,img_66884.jpg
p081,c5,img_71906.jpg
p081,c5,img_59390.jpg
p081,c5,img_38316.jpg
p081,c5,img_56602.jpg
p081,c5,img_58135.jpg
p081,c5,img_16245.jpg
p081,c5,img_64726.jpg
p081,c5,img_93740.jpg
p081,c5,img_2772.jpg
p081,c5,img_52751.jpg
p081,c5,img_96629.jpg
p081,c5,img_53824.jpg
p081,c5,img_12289.jpg
p081,c5,img_28576.jpg
p081,c5,img_69565.jpg
p081,c5,img_8576.jpg
p081,c6,img_58448.jpg
p081,c6,img_88603.jpg
p081,c6,img_102138.jpg
p081,c6,img_92108.jpg
p081,c6,img_48587.jpg
p081,c6,img_36906.jpg
p081,c6,img_63863.jpg
p081,c6,img_92704.jpg
p081,c6,img_95605.jpg
p081,c6,img_15201.jpg
p081,c6,img_7910.jpg
p081,c6,img_7101.jpg
p081,c6,img_64794.jpg
p081,c6,img_20687.jpg
p081,c6,img_34180.jpg
p081,c6,img_93138.jpg
p081,c6,img_93544.jpg
p081,c6,img_30310.jpg
p081,c6,img_47259.jpg
p081,c6,img_39796.jpg
p081,c6,img_32973.jpg
p081,c6,img_3488.jpg
p081,c6,img_43511.jpg
p081,c6,img_55578.jpg
p081,c6,img_14167.jpg
p081,c6,img_44028.jpg
p081,c6,img_6784.jpg
p081,c6,img_2539.jpg
p081,c6,img_92329.jpg
p081,c6,img_29776.jpg
p081,c6,img_32524.jpg
p081,c6,img_77409.jpg
p081,c6,img_4004.jpg
p081,c6,img_57002.jpg
p081,c6,img_25851.jpg
p081,c6,img_77443.jpg
p081,c6,img_49636.jpg
p081,c6,img_52150.jpg
p081,c6,img_16886.jpg
p081,c6,img_90006.jpg
p081,c6,img_14851.jpg
p081,c6,img_22023.jpg
p081,c6,img_12978.jpg
p081,c6,img_80635.jpg
p081,c6,img_85765.jpg
p081,c6,img_38974.jpg
p081,c6,img_84165.jpg
p081,c6,img_64875.jpg
p081,c6,img_64751.jpg
p081,c6,img_5749.jpg
p081,c6,img_2998.jpg
p081,c6,img_9675.jpg
p081,c6,img_26293.jpg
p081,c6,img_3263.jpg
p081,c6,img_1399.jpg
p081,c6,img_44157.jpg
p081,c6,img_71504.jpg
p081,c6,img_24905.jpg
p081,c6,img_91606.jpg
p081,c6,img_101776.jpg
p081,c6,img_29342.jpg
p081,c6,img_64917.jpg
p081,c6,img_73578.jpg
p081,c6,img_62671.jpg
p081,c6,img_4239.jpg
p081,c6,img_77184.jpg
p081,c6,img_15215.jpg
p081,c6,img_99891.jpg
p081,c6,img_23112.jpg
p081,c6,img_1907.jpg
p081,c6,img_94319.jpg
p081,c6,img_99261.jpg
p081,c6,img_101195.jpg
p081,c6,img_31303.jpg
p081,c6,img_41856.jpg
p081,c6,img_28639.jpg
p081,c6,img_90556.jpg
p081,c6,img_44758.jpg
p081,c6,img_24306.jpg
p081,c7,img_4921.jpg
p081,c7,img_93865.jpg
p081,c7,img_6679.jpg
p081,c7,img_75294.jpg
p081,c7,img_30892.jpg
p081,c7,img_72819.jpg
p081,c7,img_36303.jpg
p081,c7,img_79763.jpg
p081,c7,img_18056.jpg
p081,c7,img_1752.jpg
p081,c7,img_74902.jpg
p081,c7,img_96227.jpg
p081,c7,img_9253.jpg
p081,c7,img_35626.jpg
p081,c7,img_12163.jpg
p081,c7,img_10922.jpg
p081,c7,img_59880.jpg
p081,c7,img_36834.jpg
p081,c7,img_86251.jpg
p081,c7,img_17132.jpg
p081,c7,img_21178.jpg
p081,c7,img_59499.jpg
p081,c7,img_80006.jpg
p081,c7,img_29911.jpg
p081,c7,img_60469.jpg
p081,c7,img_40633.jpg
p081,c7,img_17239.jpg
p081,c7,img_79322.jpg
p081,c7,img_49369.jpg
p081,c7,img_63506.jpg
p081,c7,img_76278.jpg
p081,c7,img_85586.jpg
p081,c7,img_87929.jpg
p081,c7,img_35261.jpg
p081,c7,img_38970.jpg
p081,c7,img_71032.jpg
p081,c7,img_133.jpg
p081,c7,img_42024.jpg
p081,c7,img_79027.jpg
p081,c7,img_100201.jpg
p081,c7,img_41406.jpg
p081,c7,img_63015.jpg
p081,c7,img_21784.jpg
p081,c7,img_77735.jpg
p081,c7,img_1104.jpg
p081,c7,img_1881.jpg
p081,c7,img_50420.jpg
p081,c7,img_17002.jpg
p081,c7,img_56717.jpg
p081,c7,img_9144.jpg
p081,c7,img_89886.jpg
p081,c7,img_30031.jpg
p081,c7,img_91566.jpg
p081,c7,img_18765.jpg
p081,c7,img_55938.jpg
p081,c7,img_14783.jpg
p081,c7,img_27707.jpg
p081,c7,img_86005.jpg
p081,c7,img_80085.jpg
p081,c7,img_23543.jpg
p081,c7,img_19281.jpg
p081,c7,img_56274.jpg
p081,c7,img_94182.jpg
p081,c7,img_53036.jpg
p081,c7,img_68974.jpg
p081,c7,img_61378.jpg
p081,c7,img_61313.jpg
p081,c7,img_6552.jpg
p081,c7,img_652.jpg
p081,c7,img_23155.jpg
p081,c7,img_29368.jpg
p081,c7,img_92816.jpg
p081,c7,img_33152.jpg
p081,c7,img_71990.jpg
p081,c7,img_99844.jpg
p081,c7,img_5208.jpg
p081,c7,img_19521.jpg
p081,c8,img_80919.jpg
p081,c8,img_99869.jpg
p081,c8,img_85127.jpg
p081,c8,img_90621.jpg
p081,c8,img_84602.jpg
p081,c8,img_91620.jpg
p081,c8,img_50570.jpg
p081,c8,img_71404.jpg
p081,c8,img_7590.jpg
p081,c8,img_25482.jpg
p081,c8,img_77599.jpg
p081,c8,img_18910.jpg
p081,c8,img_67820.jpg
p081,c8,img_94975.jpg
p081,c8,img_74065.jpg
p081,c8,img_76573.jpg
p081,c8,img_54829.jpg
p081,c8,img_85299.jpg
p081,c8,img_88803.jpg
p081,c8,img_31617.jpg
p081,c8,img_60585.jpg
p081,c8,img_42736.jpg
p081,c8,img_77515.jpg
p081,c8,img_60927.jpg
p081,c8,img_69578.jpg
p081,c8,img_40778.jpg
p081,c8,img_20676.jpg
p081,c8,img_48712.jpg
p081,c8,img_44870.jpg
p081,c8,img_59474.jpg
p081,c8,img_24378.jpg
p081,c8,img_46117.jpg
p081,c8,img_94297.jpg
p081,c8,img_65016.jpg
p081,c8,img_53920.jpg
p081,c8,img_82784.jpg
p081,c8,img_63438.jpg
p081,c8,img_82658.jpg
p081,c8,img_29988.jpg
p081,c8,img_40554.jpg
p081,c8,img_2409.jpg
p081,c8,img_62176.jpg
p081,c8,img_21258.jpg
p081,c8,img_57030.jpg
p081,c8,img_94215.jpg
p081,c8,img_95038.jpg
p081,c8,img_62110.jpg
p081,c8,img_7935.jpg
p081,c8,img_50198.jpg
p081,c8,img_75269.jpg
p081,c8,img_94715.jpg
p081,c8,img_102095.jpg
p081,c8,img_22171.jpg
p081,c8,img_77484.jpg
p081,c8,img_25470.jpg
p081,c8,img_89556.jpg
p081,c8,img_90109.jpg
p081,c8,img_89462.jpg
p081,c8,img_35212.jpg
p081,c8,img_1282.jpg
p081,c8,img_46040.jpg
p081,c9,img_34622.jpg
p081,c9,img_87534.jpg
p081,c9,img_11328.jpg
p081,c9,img_56568.jpg
p081,c9,img_20278.jpg
p081,c9,img_65915.jpg
p081,c9,img_12633.jpg
p081,c9,img_100299.jpg
p081,c9,img_65923.jpg
p081,c9,img_78966.jpg
p081,c9,img_4541.jpg
p081,c9,img_66747.jpg
p081,c9,img_32081.jpg
p081,c9,img_39577.jpg
p081,c9,img_54961.jpg
p081,c9,img_78032.jpg
p081,c9,img_30190.jpg
p081,c9,img_64666.jpg
p081,c9,img_78858.jpg
p081,c9,img_74819.jpg
p081,c9,img_95966.jpg
p081,c9,img_64417.jpg
p081,c9,img_38701.jpg
p081,c9,img_52686.jpg
p081,c9,img_18191.jpg
p081,c9,img_76926.jpg
p081,c9,img_39821.jpg
p081,c9,img_20023.jpg
p081,c9,img_57777.jpg
p081,c9,img_24715.jpg
p081,c9,img_61578.jpg
p081,c9,img_67072.jpg
p081,c9,img_34925.jpg
p081,c9,img_24621.jpg
p081,c9,img_63984.jpg
p081,c9,img_31681.jpg
p081,c9,img_13664.jpg
p081,c9,img_51187.jpg
p081,c9,img_63373.jpg
p081,c9,img_51765.jpg
p081,c9,img_67155.jpg
p081,c9,img_10550.jpg
p081,c9,img_14162.jpg
p081,c9,img_3717.jpg
p081,c9,img_21654.jpg
p081,c9,img_80529.jpg
p081,c9,img_77127.jpg
p081,c9,img_55043.jpg
p081,c9,img_45245.jpg
p081,c9,img_12338.jpg
p081,c9,img_77168.jpg
p081,c9,img_13314.jpg
p081,c9,img_65995.jpg
p081,c9,img_32115.jpg
p081,c9,img_20671.jpg
p081,c9,img_13398.jpg
p081,c9,img_39400.jpg
p081,c9,img_22164.jpg
p081,c9,img_16586.jpg
p081,c9,img_22871.jpg
p081,c9,img_18412.jpg
p081,c9,img_8283.jpg
p081,c9,img_16606.jpg
p081,c9,img_83838.jpg
p081,c9,img_17513.jpg
p081,c9,img_96574.jpg
p081,c9,img_49316.jpg
p081,c9,img_30765.jpg
p081,c9,img_50.jpg
p081,c9,img_24944.jpg
p081,c9,img_4162.jpg
p081,c9,img_23818.jpg
p081,c9,img_82653.jpg
p081,c9,img_36140.jpg
p081,c9,img_70718.jpg
p081,c9,img_56936.jpg
p081,c9,img_46218.jpg
p081,c9,img_25946.jpg
p081,c9,img_67850.jpg
p081,c9,img_9684.jpg
